FBgn,X114,X115,X116,X117
FBgn0001104,0.379,0.281,0.225,0.114
FBgn0000044,0.42,0.209667,0.206111,0.163889
FBgn0035720,0.187333,0.167333,0.169667,0.476
FBgn0003731,0.2475,0.253,0.32,0.179
FBgn0029506,0.216,0.183,0.342,0.259
FBgn0010638,0.072,0.212333,0.573,0.142667
FBgn0028689,0.35,0.164,0.174,0.312
FBgn0031871,0.147,0.3325,0.4105,0.109
FBgn0040227,0.264,0.1355,0.1325,0.4675
FBgn0032799,0.1285,0.32,0.415,0.1365
FBgn0037443,0.106,0.309,0.4425,0.142
FBgn0028475,0.1132,0.3008,0.4354,0.1506
FBgn0003732,0.061,0.070625,0.167625,0.700875
FBgn0028691,0.417,0.1535,0.158,0.272
FBgn0002526,0.159077,0.288385,0.385231,0.167538
FBgn0013773,0.0995,0.32325,0.45225,0.1245
FBgn0013772,0.104667,0.35,0.407333,0.138167
FBgn0033984,0.341,0.272,0.237,0.15
FBgn0003261,0.131333,0.126,0.164333,0.579
FBgn0017397,0.116,0.102,0.081,0.7
FBgn0032679,0.307333,0.0933333,0.0906667,0.508667
FBgn0028684,0.462,0.1605,0.1315,0.246
FBgn0025608,0.1372,0.348,0.3852,0.1296
FBgn0032704,0.1315,0.3135,0.4,0.155
FBgn0032689,0.29,0.334333,0.198333,0.177
FBgn0039296,0.08925,0.314,0.476,0.12075
FBgn0039304,0.122,0.35,0.4085,0.1185
FBgn0032746,0.091,0.317,0.466,0.126
FBgn0027090,0.258,0.15,0.2105,0.381
FBgn0034583,0.361,0.244,0.219,0.176
FBgn0001105,0.393,0.3635,0.1615,0.0815
FBgn0037051,0.257,0.118,0.143,0.483
FBgn0035630,0.21725,0.091,0.19075,0.500917
FBgn0011341,0.373,0.216,0.222,0.188
FBgn0016122,0.112333,0.282333,0.463,0.142333
FBgn0032721,0.278,0.1985,0.248,0.2765
FBgn0036286,0.1034,0.337,0.4286,0.131
FBgn0036299,0.273,0.2345,0.324667,0.167667
FBgn0010894,0.251,0.115,0.392,0.242
FBgn0004888,0.36,0.0975,0.07,0.4725
FBgn0015745,0.111333,0.179667,0.3055,0.4035
FBgn0035588,0.227,0.077,0.18,0.517
FBgn0041775,0.182667,0.092,0.0953333,0.63
FBgn0002031,0.369222,0.0785556,0.0838889,0.468222
FBgn0011661,0.357667,0.145333,0.236667,0.260667
FBgn0034420,0.154,0.294,0.381,0.172
FBgn0029979,0.21,0.136,0.124,0.531
FBgn0023213,0.3045,0.144,0.12775,0.424
FBgn0037240,0.2128,0.2776,0.3386,0.1708
FBgn0035471,0.075,0.1585,0.6335,0.133
FBgn0015324,0.3585,0.29225,0.19175,0.1575
FBgn0031408,0.163,0.284,0.274,0.28
FBgn0037470,0.292,0.149,0.124,0.435
FBgn0029969,0.325,0.0945,0.124,0.457
FBgn0016697,0.405,0.171,0.1665,0.257
FBgn0010620,0.269,0.201,0.255,0.274
FBgn0004922,0.228375,0.1655,0.144875,0.460875
FBgn0036316,0.3435,0.2795,0.227,0.15
FBgn0014007,0.317,0.2995,0.252,0.131
FBgn0037374,0.084,0.341,0.444,0.131
FBgn0028690,0.362,0.16,0.139,0.338
FBgn0013954,0.515,0.2415,0.119,0.1245
FBgn0010774,0.0596667,0.0833333,0.115667,0.742
FBgn0031830,0.333,0.071,0.089,0.506
FBgn0037467,0.1123,0.2968,0.4038,0.187
FBgn0040813,0.222,0.284333,0.331,0.162333
FBgn0039928,0.195,0.272333,0.385667,0.147
FBgn0016724,0.209971,0.223412,0.216029,0.350618
FBgn0025741,0.283038,0.284538,0.293538,0.138692
FBgn0031842,0.115625,0.416125,0.315875,0.152625
FBgn0004047,0.09775,0.179583,0.207917,0.51475
FBgn0037199,0.122667,0.145333,0.534333,0.197667
FBgn0010548,0.139014,0.289754,0.411942,0.159159
FBgn0010217,0.34815,0.0701,0.0683,0.5134
FBgn0034500,0.114,0.256667,0.416,0.213333
FBgn0034488,0.108,0.0795,0.2695,0.5425
FBgn0036334,0.336333,0.110667,0.14,0.412667
FBgn0014027,0.2205,0.0515,0.219,0.509
FBgn0011284,0.2804,0.1532,0.1252,0.441
FBgn0010452,0.308,0.321,0.238,0.133
FBgn0031217,0.11,0.40675,0.364,0.11925
FBgn0029713,0.1105,0.2335,0.547,0.1085
FBgn0027086,0.2085,0.114875,0.12675,0.549875
FBgn0027527,0.144333,0.471667,0.245,0.139
FBgn0039857,0.127273,0.192727,0.280909,0.399
FBgn0037414,0.194,0.4665,0.1925,0.147
FBgn0003444,0.332,0.302,0.215,0.151
FBgn0015623,0.111286,0.340714,0.409429,0.138429
FBgn0036847,0.0746667,0.225333,0.541,0.159333
FBgn0000117,0.283375,0.27125,0.277875,0.167125
FBgn0037313,0.288333,0.428333,0.193,0.0906667
FBgn0040340,0.122,0.246,0.486,0.146
FBgn0033028,0.365,0.217,0.244,0.174
FBgn0039252,0.2385,0.1625,0.183,0.4155
FBgn0039259,0.088,0.301,0.489,0.122
FBgn0045866,0.0933,0.3316,0.4273,0.1478
FBgn0039265,0.0846667,0.42,0.397333,0.098
FBgn0003462,0.278,0.243,0.264,0.2145
FBgn0031260,0.0765,0.1365,0.6095,0.1775
FBgn0039293,0.111,0.172,0.541,0.176
FBgn0039302,0.163,0.1395,0.151,0.547
FBgn0039303,0.139,0.40625,0.34,0.11475
FBgn0039635,0.2735,0.1515,0.159,0.416
FBgn0028692,0.39025,0.1625,0.1795,0.26775
FBgn0039644,0.227,0.233,0.197,0.3425
FBgn0029176,0.404,0.206143,0.186857,0.203143
FBgn0010434,0.2585,0.206417,0.307083,0.228417
FBgn0015622,0.097,0.267833,0.489833,0.145667
FBgn0037643,0.2645,0.1295,0.1675,0.4385
FBgn0037652,0.393,0.219,0.151,0.237
FBgn0036064,0.122,0.213,0.156,0.509
FBgn0037312,0.0933333,0.291167,0.495,0.1205
FBgn0004167,0.330625,0.156875,0.282875,0.2295
FBgn0035257,0.15475,0.2055,0.42725,0.21225
FBgn0035438,0.1338,0.227,0.4778,0.1614
FBgn0011573,0.488,0.238,0.133,0.141
FBgn0001091,0.49,0.1755,0.147,0.188
FBgn0030099,0.095,0.316,0.473,0.116
FBgn0039851,0.084,0.204,0.416,0.296
FBgn0000416,0.1725,0.115833,0.327333,0.384167
FBgn0015245,0.323353,0.0739412,0.0769412,0.525647
FBgn0030057,0.17,0.2165,0.296,0.317
FBgn0030130,0.357706,0.290647,0.229882,0.121588
FBgn0033465,0.288,0.178667,0.0916667,0.441
FBgn0029959,0.159,0.301,0.317,0.224
FBgn0016041,0.367,0.108,0.0935,0.43175
FBgn0024294,0.19,0.335,0.33,0.145
FBgn0031020,0.161833,0.191333,0.18,0.4665
FBgn0003660,0.312,0.39,0.1945,0.10325
FBgn0027291,0.33,0.074,0.077,0.519
FBgn0035811,0.281455,0.123364,0.0986364,0.496545
FBgn0032393,0.257,0.127,0.141,0.475
FBgn0028425,0.3575,0.3535,0.1845,0.1045
FBgn0010238,0.335714,0.212857,0.304429,0.147143
FBgn0001233,0.395455,0.174455,0.284636,0.145273
FBgn0037434,0.16,0.145,0.117,0.579
FBgn0037357,0.164,0.254,0.188,0.394
FBgn0010341,0.366,0.364,0.171,0.1
FBgn0010380,0.4,0.206333,0.209333,0.184667
FBgn0024939,0.146667,0.224833,0.2875,0.341167
FBgn0000547,0.2825,0.266375,0.27675,0.174625
FBgn0040308,0.106667,0.262333,0.485,0.146333
FBgn0035422,0.113947,0.167579,0.299684,0.419158
FBgn0004237,0.058,0.07,0.118,0.754
FBgn0024365,0.2175,0.487,0.203,0.093
FBgn0032987,0.142,0.189,0.292,0.377
FBgn0027842,0.0895,0.227,0.527,0.1565
FBgn0026403,0.16625,0.4095,0.301,0.12325
FBgn0035401,0.115,0.231,0.523,0.131
FBgn0033477,0.0815,0.289167,0.495167,0.134333
FBgn0033480,0.383,0.056,0.06,0.501
FBgn0037755,0.127,0.35975,0.39725,0.11625
FBgn0026566,0.125333,0.142,0.558667,0.174
FBgn0035519,0.12,0.2615,0.46525,0.153
FBgn0032050,0.106,0.059,0.215,0.621
FBgn0035523,0.312,0.304,0.240333,0.143667
FBgn0032168,0.339,0.066,0.089,0.505
FBgn0033881,0.384,0.174,0.2285,0.2135
FBgn0026879,0.157,0.069,0.2,0.574
FBgn0027932,0.482333,0.178,0.195083,0.144417
FBgn0010265,0.223667,0.157333,0.137667,0.481333
FBgn0032035,0.0921667,0.221,0.523,0.163667
FBgn0028687,0.417,0.1618,0.158,0.2632
FBgn0015907,0.0764444,0.0965556,0.115,0.711667
FBgn0040660,0.369,0.066,0.074,0.49
FBgn0039219,0.22,0.081,0.169,0.529
FBgn0033482,0.0887692,0.256692,0.501308,0.153231
FBgn0004649,0.2339,0.3217,0.2358,0.2084
FBgn0039098,0.169,0.209,0.279,0.343
FBgn0038964,0.104,0.094,0.07,0.732
FBgn0035165,0.1,0.253,0.5065,0.14
FBgn0035173,0.31125,0.241,0.24825,0.2
FBgn0015031,0.326333,0.075,0.0956667,0.502667
FBgn0011710,0.382333,0.169,0.153,0.295667
FBgn0020255,0.17675,0.1525,0.14625,0.52425
FBgn0036855,0.096,0.444,0.328,0.131
FBgn0036889,0.3,0.135,0.148,0.418
FBgn0035965,0.0885,0.3335,0.4465,0.1315
FBgn0031035,0.187,0.155,0.163,0.495
FBgn0038660,0.14,0.197,0.444,0.219
FBgn0038611,0.306,0.159,0.203,0.332
FBgn0030038,0.273,0.1815,0.2315,0.3145
FBgn0027588,0.09005,0.26605,0.5025,0.14155
FBgn0034245,0.332,0.104,0.093,0.471
FBgn0062442,0.300667,0.105333,0.180333,0.413667
FBgn0025641,0.3745,0.3045,0.2045,0.1165
FBgn0037245,0.198917,0.105333,0.13,0.5655
FBgn0037252,0.099,0.309,0.4515,0.1405
FBgn0031106,0.108,0.653,0.171,0.068
FBgn0037340,0.093,0.34525,0.38875,0.173
FBgn0015221,0.101667,0.320833,0.396833,0.180667
FBgn0037930,0.1006,0.2754,0.4078,0.216
FBgn0019624,0.295667,0.121667,0.130667,0.452333
FBgn0033236,0.101,0.526,0.192,0.181
FBgn0003517,0.4454,0.2182,0.1904,0.1458
FBgn0026090,0.246,0.206,0.261,0.287
FBgn0028969,0.157,0.119,0.236,0.489
FBgn0002645,0.247,0.1755,0.2075,0.3695
FBgn0038432,0.129,0.331,0.399,0.1405
FBgn0032378,0.26,0.244,0.36,0.136
FBgn0035440,0.183,0.193,0.2765,0.347
FBgn0035469,0.132,0.092,0.403,0.373
FBgn0035499,0.296,0.197,0.258,0.25
FBgn0015287,0.111,0.17,0.184,0.534
FBgn0010551,0.387,0.0591667,0.0671667,0.486333
FBgn0034388,0.20225,0.40175,0.26575,0.13
FBgn0034401,0.227,0.127,0.095,0.551
FBgn0034405,0.1235,0.18,0.5245,0.1715
FBgn0034406,0.096,0.116,0.633,0.1545
FBgn0026664,0.274,0.2955,0.2815,0.1485
FBgn0027580,0.270429,0.089,0.0864286,0.554143
FBgn0031149,0.0976667,0.234667,0.534,0.133333
FBgn0023175,0.3522,0.1694,0.1496,0.3292
FBgn0010410,0.153,0.14725,0.31125,0.388
FBgn0029093,0.157667,0.113667,0.289333,0.44
FBgn0004657,0.19775,0.25075,0.41525,0.136
FBgn0038834,0.1915,0.179,0.166,0.464
FBgn0030465,0.0893333,0.545,0.266667,0.099
FBgn0005634,0.342917,0.11725,0.209583,0.3305
FBgn0004574,0.319333,0.311,0.208333,0.161333
FBgn0000054,0.088,0.102,0.179,0.6305
FBgn0030289,0.102667,0.228333,0.498,0.170667
FBgn0000346,0.255,0.299,0.1985,0.247
FBgn0040309,0.3446,0.2144,0.2368,0.2042
FBgn0002968,0.266308,0.303615,0.275846,0.154
FBgn0033446,0.393,0.349,0.109,0.149
FBgn0011747,0.2605,0.311,0.264,0.1645
FBgn0030122,0.118,0.322,0.386,0.174
FBgn0003498,0.201,0.077,0.112,0.611
FBgn0030235,0.16,0.0765,0.0965,0.666
FBgn0028686,0.3975,0.3045,0.165,0.133
FBgn0003360,0.355444,0.0872222,0.0803333,0.477
FBgn0038809,0.253,0.2235,0.268,0.256
FBgn0036512,0.0976667,0.379333,0.407667,0.115333
FBgn0030321,0.368,0.177,0.109,0.347
FBgn0028671,0.243077,0.349308,0.261231,0.146
FBgn0014869,0.486,0.181,0.125,0.208
FBgn0025740,0.208,0.2625,0.36,0.1695
FBgn0001624,0.3749,0.2232,0.2278,0.17415
FBgn0030205,0.213,0.122,0.13,0.536
FBgn0025803,0.366,0.267,0.207,0.16
FBgn0032713,0.0775,0.157,0.543,0.2235
FBgn0027779,0.397,0.197,0.182,0.224
FBgn0005671,0.356667,0.331667,0.182,0.13
FBgn0025814,0.108,0.219,0.5265,0.1455
FBgn0039925,0.327,0.177,0.175,0.321
FBgn0030306,0.0876,0.1946,0.5692,0.1482
FBgn0024733,0.135,0.208667,0.291,0.365
FBgn0031544,0.107,0.249,0.492333,0.151667
FBgn0000579,0.4815,0.17825,0.15575,0.1845
FBgn0035423,0.237,0.063,0.202,0.499
FBgn0004435,0.329,0.251,0.262,0.158
FBgn0039188,0.116,0.491,0.266,0.127
FBgn0026415,0.314833,0.261667,0.213,0.210333
FBgn0023143,0.485,0.231,0.154,0.129
FBgn0038914,0.151,0.238,0.213,0.398
FBgn0004907,0.412609,0.270348,0.180696,0.136217
FBgn0010215,0.293,0.222,0.284333,0.201
FBgn0061209,0.0693333,0.0821667,0.249667,0.599167
FBgn0004362,0.054,0.031,0.13,0.785
FBgn0034657,0.12375,0.26725,0.4,0.20875
FBgn0003204,0.354,0.212,0.184,0.25
FBgn0038552,0.151,0.287,0.371,0.191
FBgn0003392,0.3165,0.162,0.16275,0.3585
FBgn0039678,0.0988333,0.300167,0.466167,0.135
FBgn0038535,0.0880364,0.257182,0.509573,0.145318
FBgn0010342,0.122,0.09,0.161,0.627
FBgn0034072,0.323,0.3335,0.224,0.1195
FBgn0031126,0.127,0.314,0.409,0.15
FBgn0030329,0.0971429,0.282,0.470905,0.14981
FBgn0011259,0.295,0.33,0.276,0.0995
FBgn0061355,0.197,0.351,0.271,0.18
FBgn0033476,0.0855,0.2365,0.493,0.1855
FBgn0028527,0.549,0.187,0.167,0.097
FBgn0003189,0.3542,0.1252,0.1184,0.4022
FBgn0040259,0.097,0.205,0.5315,0.1665
FBgn0025743,0.2885,0.216,0.2665,0.2295
FBgn0028670,0.315,0.2534,0.223,0.2084
FBgn0019947,0.368,0.277,0.214,0.141
FBgn0042134,0.3085,0.181,0.166,0.3445
FBgn0039757,0.158,0.1225,0.1805,0.5385
FBgn0033424,0.179,0.119,0.1205,0.5815
FBgn0030343,0.252,0.3775,0.2455,0.125
FBgn0022349,0.081,0.088,0.143,0.689
FBgn0039875,0.064,0.318,0.444,0.174
FBgn0030276,0.195,0.106,0.173,0.526
FBgn0037469,0.122667,0.326667,0.410667,0.14
FBgn0004636,0.336333,0.235333,0.243667,0.185333
FBgn0027620,0.124,0.154,0.183,0.539
FBgn0030341,0.0726667,0.352667,0.449667,0.125
FBgn0039909,0.3195,0.061,0.09,0.5295
FBgn0003470,0.274341,0.232909,0.308682,0.184045
FBgn0037383,0.0915,0.3845,0.386,0.1375
FBgn0010198,0.1704,0.135,0.1558,0.539
FBgn0002780,0.034,0.042,0.07,0.853
FBgn0014469,0.08475,0.27375,0.4855,0.156
FBgn0015034,0.111,0.126,0.573,0.19
FBgn0033205,0.11,0.307,0.441667,0.141
FBgn0033204,0.2345,0.23625,0.36475,0.1645
FBgn0037328,0.11275,0.14825,0.347,0.39175
FBgn0020653,0.2735,0.23,0.256,0.2405
FBgn0025704,0.296625,0.24325,0.290125,0.169875
FBgn0017545,0.247333,0.126667,0.132167,0.493833
FBgn0003738,0.445,0.24,0.172,0.143
FBgn0001122,0.3015,0.342,0.23,0.1265
FBgn0022893,0.393,0.252,0.236,0.118
FBgn0000150,0.387667,0.272,0.2,0.14
FBgn0003656,0.160333,0.201667,0.482,0.156
FBgn0015222,0.12763,0.284889,0.407037,0.180074
FBgn0028331,0.4725,0.2935,0.1595,0.074
FBgn0000559,0.215167,0.123208,0.179479,0.481917
FBgn0010333,0.3805,0.301,0.216,0.10275
FBgn0039665,0.2815,0.148,0.3515,0.219
FBgn0024923,0.384364,0.254636,0.198273,0.162636
FBgn0026567,0.1065,0.2015,0.53,0.16225
FBgn0030327,0.093,0.4715,0.3035,0.132
FBgn0032864,0.195,0.133,0.363,0.309
FBgn0010391,0.0915,0.309143,0.446071,0.153143
FBgn0037298,0.121,0.161,0.562,0.156
FBgn0003371,0.381467,0.2063,0.144067,0.268167
FBgn0000986,0.291,0.18,0.203,0.326
FBgn0002121,0.399429,0.263857,0.222857,0.114571
FBgn0001142,0.28,0.0666667,0.0686667,0.584667
FBgn0024352,0.452667,0.18,0.159333,0.207667
FBgn0037533,0.37325,0.25525,0.19,0.18125
FBgn0015286,0.3685,0.2615,0.2165,0.153
FBgn0034753,0.0820794,0.31827,0.461365,0.138333
FBgn0033241,0.106,0.251,0.4725,0.170667
FBgn0023529,0.0813636,0.268909,0.520182,0.129455
FBgn0037346,0.3485,0.1375,0.1425,0.3715
FBgn0037339,0.217083,0.43825,0.1935,0.151
FBgn0028665,0.276667,0.374,0.203,0.146667
FBgn0037530,0.0948261,0.273,0.48787,0.144261
FBgn0000316,0.4245,0.209,0.2145,0.152
FBgn0028342,0.316333,0.0836667,0.099,0.500667
FBgn0034936,0.263333,0.143333,0.133667,0.460333
FBgn0005391,0.103,0.177286,0.208143,0.511429
FBgn0004045,0.1126,0.3014,0.2292,0.3568
FBgn0015521,0.4355,0.3,0.144,0.1205
FBgn0030136,0.18975,0.139,0.1655,0.5055
FBgn0050085,0.131,0.123,0.205,0.541
FBgn0029823,0.313333,0.156333,0.186667,0.342667
FBgn0050193,0.114333,0.320667,0.365333,0.199333
FBgn0025615,0.107,0.284667,0.474833,0.133833
FBgn0050291,0.0901429,0.274571,0.475429,0.159857
FBgn0029818,0.101,0.292,0.456333,0.151
FBgn0050359,0.14,0.1655,0.282,0.4125
FBgn0031645,0.411,0.335,0.164,0.09
FBgn0050387,0.2275,0.282,0.272,0.219
FBgn0004646,0.206333,0.180667,0.406333,0.206333
FBgn0029913,0.199,0.18,0.249,0.371
FBgn0004132,0.072,0.263,0.52,0.145
FBgn0038194,0.113833,0.31675,0.42275,0.146583
FBgn0024947,0.1115,0.268,0.4495,0.1715
FBgn0038195,0.0833333,0.282,0.493,0.142
FBgn0029804,0.186,0.356,0.263,0.195
FBgn0051004,0.117,0.17,0.57,0.143
FBgn0039776,0.105,0.319,0.44025,0.136
FBgn0051120,0.113,0.3032,0.4434,0.1406
FBgn0046685,0.313,0.307,0.208,0.172
FBgn0011725,0.15,0.074,0.087,0.689
FBgn0051152,0.114,0.1285,0.547,0.2105
FBgn0051195,0.336,0.146,0.361,0.156
FBgn0020238,0.457,0.1995,0.2195,0.124
FBgn0003075,0.4864,0.2084,0.1478,0.158
FBgn0015794,0.159,0.353,0.327,0.161
FBgn0031464,0.12,0.335,0.407,0.138
FBgn0003177,0.393,0.204,0.214,0.189
FBgn0051363,0.328667,0.106556,0.140333,0.424444
FBgn0022708,0.289,0.09,0.141,0.48
FBgn0051450,0.346,0.099,0.067,0.487
FBgn0026761,0.37075,0.13375,0.09425,0.40125
FBgn0011219,0.312,0.3008,0.2518,0.1352
FBgn0051617,0.0706667,0.0566667,0.181333,0.691667
FBgn0025683,0.235,0.169,0.361,0.235
FBgn0031681,0.068,0.582333,0.233667,0.116
FBgn0034962,0.08725,0.28975,0.46225,0.161
FBgn0051717,0.117,0.135,0.6,0.149
FBgn0051729,0.1615,0.27275,0.33625,0.22975
FBgn0028539,0.286,0.289,0.2915,0.133
FBgn0051738,0.0795,0.299,0.4785,0.143
FBgn0004584,0.023,0.034,0.18,0.763
FBgn0034967,0.2165,0.1095,0.2305,0.4435
FBgn0040070,0.371,0.114,0.188,0.327
FBgn0051915,0.1165,0.3275,0.4155,0.1405
FBgn0031360,0.1255,0.28375,0.41175,0.179
FBgn0051938,0.165,0.1105,0.1205,0.6045
FBgn0034968,0.156,0.2854,0.2052,0.3536
FBgn0004687,0.374,0.1465,0.172,0.307
FBgn0029897,0.125,0.136667,0.279333,0.458667
FBgn0000116,0.395429,0.298429,0.201429,0.105286
FBgn0052066,0.466,0.233,0.188,0.113
FBgn0052069,0.113333,0.260667,0.450667,0.175
FBgn0034971,0.1082,0.2624,0.481,0.1484
FBgn0041604,0.3355,0.3475,0.185,0.132
FBgn0052190,0.079,0.223333,0.57,0.128333
FBgn0052230,0.2995,0.0695,0.1085,0.5225
FBgn0052451,0.108,0.45,0.333,0.109333
FBgn0052473,0.263333,0.189333,0.205333,0.342
FBgn0052536,0.084,0.49,0.312,0.114
FBgn0031530,0.096,0.602,0.2,0.102
FBgn0024753,0.313,0.3104,0.226543,0.150029
FBgn0052632,0.0575,0.263,0.5145,0.165
FBgn0027066,0.298333,0.139333,0.146,0.415667
FBgn0052675,0.071,0.319,0.468,0.142
FBgn0067052,0.279,0.384,0.2335,0.1035
FBgn0010338,0.067,0.581,0.257,0.095
FBgn0014009,0.20275,0.322375,0.335,0.13975
FBgn0052699,0.079,0.348,0.452,0.12
FBgn0028327,0.06,0.304,0.506,0.13
FBgn0040384,0.107,0.35,0.421,0.122
FBgn0003447,0.561,0.182,0.148,0.108
FBgn0053087,0.3295,0.346,0.2235,0.10025
FBgn0053096,0.320833,0.287833,0.25,0.1415
FBgn0013998,0.266167,0.292833,0.172667,0.268333
FBgn0003137,0.1945,0.493,0.2145,0.0985
FBgn0069242,0.0876667,0.255667,0.517667,0.139333
FBgn0053113,0.0678491,0.208113,0.560226,0.163811
FBgn0053129,0.107684,0.240447,0.505237,0.146632
FBgn0014026,0.1274,0.205,0.2797,0.3884
FBgn0011509,0.0965,0.124,0.61625,0.16325
FBgn0016700,0.3052,0.3682,0.213267,0.1136
FBgn0053214,0.0951667,0.645333,0.162667,0.0968333
FBgn0002528,0.147857,0.313286,0.387571,0.151429
FBgn0023174,0.334,0.187,0.165,0.314
FBgn0053303,0.0887692,0.273385,0.505462,0.132308
FBgn0001075,0.206,0.2585,0.3265,0.209
FBgn0053523,0.1226,0.3194,0.4246,0.1334
FBgn0024211,0.222,0.3815,0.222,0.175
FBgn0015737,0.095,0.202143,0.547286,0.155714
FBgn0034999,0.155,0.403,0.258,0.184
FBgn0010408,0.292,0.17575,0.15175,0.38075
FBgn0036008,0.133,0.261,0.445,0.16
FBgn0030731,0.117,0.087,0.288,0.5085
FBgn0011327,0.3635,0.1295,0.1615,0.3455
FBgn0028685,0.462,0.145,0.153,0.239
FBgn0000055,0.533,0.231,0.132,0.104
FBgn0034792,0.303,0.089,0.134,0.474
FBgn0034791,0.1135,0.462,0.3285,0.0955
FBgn0015816,0.1275,0.347,0.3305,0.195
FBgn0030733,0.251,0.069,0.13,0.549
FBgn0029709,0.0954286,0.311429,0.449429,0.143429
FBgn0040918,0.092,0.183,0.571,0.154
FBgn0011211,0.34719,0.0887619,0.0960952,0.468048
FBgn0034724,0.357,0.361667,0.188,0.0936667
FBgn0031245,0.09,0.213,0.548,0.15
FBgn0026875,0.412,0.208,0.213,0.167
FBgn0010078,0.22125,0.244,0.241,0.294
FBgn0014010,0.28075,0.2905,0.28825,0.14075
FBgn0000635,0.300179,0.319036,0.252429,0.128464
FBgn0031590,0.078,0.181,0.576,0.166
FBgn0003391,0.261571,0.225571,0.347714,0.165143
FBgn0004551,0.11822,0.290493,0.44726,0.143924
FBgn0038271,0.2946,0.1078,0.1118,0.4856
FBgn0034751,0.2535,0.1365,0.1415,0.469
FBgn0012036,0.265667,0.0908333,0.0856667,0.558167
FBgn0022343,0.277,0.138333,0.129667,0.455667
FBgn0020367,0.3885,0.207,0.255,0.1495
FBgn0031662,0.113,0.3085,0.443,0.1345
FBgn0034802,0.237,0.159,0.1485,0.4555
FBgn0029866,0.2472,0.2526,0.3396,0.1606
FBgn0010488,0.229,0.145,0.176,0.45
FBgn0026708,0.32375,0.12025,0.108,0.44825
FBgn0031670,0.078,0.305,0.477,0.141
FBgn0036824,0.2965,0.0925,0.086,0.5255
FBgn0005533,0.167,0.16,0.107,0.565
FBgn0017567,0.381,0.0595,0.071,0.488
FBgn0015393,0.159333,0.129,0.109667,0.601667
FBgn0036650,0.097,0.269,0.471,0.163
FBgn0036816,0.33275,0.22675,0.2915,0.149
FBgn0020370,0.222692,0.0955385,0.0841538,0.597538
FBgn0003071,0.464,0.145,0.151,0.239
FBgn0040078,0.2055,0.1535,0.1845,0.456
FBgn0033800,0.094,0.2935,0.4325,0.18
FBgn0034743,0.200833,0.156167,0.132833,0.510167
FBgn0002593,0.256875,0.277125,0.23675,0.2295
FBgn0028336,0.2835,0.1425,0.084,0.49
FBgn0038017,0.174,0.479,0.226,0.121
FBgn0004648,0.113424,0.528939,0.242727,0.115061
FBgn0026061,0.357,0.304,0.223,0.1155
FBgn0003285,0.3035,0.3385,0.204,0.1545
FBgn0026208,0.139,0.143,0.1815,0.5365
FBgn0001218,0.0891538,0.276667,0.492205,0.142077
FBgn0002524,0.099,0.303,0.48,0.118
FBgn0031256,0.154667,0.244667,0.442667,0.158
FBgn0036642,0.354667,0.0963333,0.107333,0.441333
FBgn0001225,0.3365,0.1095,0.1725,0.381
FBgn0015791,0.311,0.339,0.241,0.108
FBgn0011708,0.1045,0.424,0.3105,0.1615
FBgn0038805,0.3305,0.1135,0.1125,0.4435
FBgn0038376,0.244667,0.191667,0.247333,0.316333
FBgn0001125,0.297111,0.0824444,0.0684444,0.552333
FBgn0015567,0.3516,0.1884,0.2774,0.1828
FBgn0001219,0.407643,0.184286,0.1795,0.228643
FBgn0016691,0.362286,0.0737143,0.0924286,0.471571
FBgn0010438,0.3985,0.144,0.184,0.2735
FBgn0036279,0.3245,0.2395,0.3025,0.1335
FBgn0037024,0.3055,0.2605,0.1775,0.2565
FBgn0000667,0.407,0.225,0.238,0.131
FBgn0028479,0.2976,0.0844,0.0947,0.5236
FBgn0039073,0.1345,0.289,0.3775,0.1995
FBgn0016119,0.3175,0.079,0.0725,0.531
FBgn0010256,0.1935,0.122,0.154,0.5305
FBgn0010412,0.19675,0.13175,0.154,0.5175
FBgn0001226,0.3625,0.124,0.14325,0.37
FBgn0026170,0.284,0.149,0.15,0.417
FBgn0029903,0.373,0.225,0.201,0.201
FBgn0027080,0.28,0.173,0.192,0.355
FBgn0025352,0.271,0.0953333,0.105667,0.527333
FBgn0013349,0.406,0.253,0.2,0.141667
FBgn0029924,0.073,0.061,0.309,0.558
FBgn0027108,0.23975,0.24125,0.34075,0.178
FBgn0040064,0.328,0.0928,0.08,0.4992
FBgn0026616,0.074,0.606,0.215667,0.104333
FBgn0011272,0.140923,0.198231,0.281077,0.379692
FBgn0033814,0.107,0.25,0.387,0.256
FBgn0033816,0.315667,0.109667,0.122,0.453
FBgn0039349,0.291,0.069,0.111,0.529
FBgn0035032,0.363,0.0705,0.063,0.504
FBgn0011260,0.119,0.299333,0.422,0.159933
FBgn0038742,0.308,0.1275,0.129,0.4355
FBgn0036623,0.1,0.1963,0.5584,0.1443
FBgn0043456,0.101,0.112,0.171,0.616
FBgn0036622,0.0993333,0.173,0.565,0.162667
FBgn0011584,0.082,0.2505,0.489,0.1785
FBgn0035600,0.331,0.085,0.134,0.451
FBgn0035602,0.082,0.326,0.46,0.131
FBgn0030792,0.116667,0.326,0.408667,0.148333
FBgn0011823,0.303,0.256,0.228,0.213
FBgn0037874,0.528,0.189,0.18,0.104
FBgn0037010,0.104,0.282,0.488,0.127
FBgn0030796,0.528,0.276,0.1335,0.062
FBgn0020910,0.1305,0.18,0.3085,0.3805
FBgn0034237,0.265,0.1225,0.156,0.4565
FBgn0005593,0.125167,0.150833,0.273833,0.4505
FBgn0003721,0.3245,0.3005,0.2435,0.1315
FBgn0032198,0.500333,0.183333,0.168333,0.147667
FBgn0003274,0.256,0.237,0.266,0.2415
FBgn0016701,0.3376,0.371,0.2016,0.09
FBgn0038320,0.42325,0.1945,0.1975,0.185
FBgn0026084,0.613,0.177,0.126,0.083
FBgn0034258,0.264857,0.0874286,0.126429,0.521429
FBgn0032217,0.0715,0.194,0.5705,0.164
FBgn0024734,0.374,0.275,0.172,0.179
FBgn0026409,0.348667,0.0796667,0.109,0.462667
FBgn0027948,0.32075,0.143,0.17325,0.363
FBgn0011787,0.3155,0.064,0.0725,0.54775
FBgn0029687,0.121286,0.282714,0.429,0.167286
FBgn0036579,0.089,0.305,0.454,0.152
FBgn0039358,0.239,0.227,0.193,0.341
FBgn0031313,0.204714,0.381857,0.255286,0.158143
FBgn0003031,0.2175,0.106667,0.136333,0.5395
FBgn0038038,0.0965,0.193,0.507,0.2035
FBgn0027835,0.18475,0.12,0.156,0.5395
FBgn0034350,0.236,0.13,0.193,0.44
FBgn0038039,0.0913333,0.241333,0.529333,0.138
FBgn0013763,0.3992,0.1756,0.15,0.2754
FBgn0037891,0.303,0.0746667,0.058,0.564
FBgn0021764,0.3225,0.283,0.248,0.147
FBgn0029148,0.145,0.093,0.112,0.65
FBgn0031912,0.292,0.074,0.048,0.586
FBgn0010405,0.402,0.166,0.16,0.272
FBgn0036566,0.322667,0.388333,0.181333,0.107667
FBgn0015282,0.469,0.153,0.126,0.252
FBgn0015268,0.408,0.2435,0.196,0.1525
FBgn0034925,0.214,0.371,0.238,0.177
FBgn0032237,0.3735,0.152,0.161,0.313
FBgn0003676,0.297125,0.144625,0.15875,0.399625
FBgn0038950,0.06575,0.4785,0.3225,0.133
FBgn0005674,0.2221,0.1141,0.0992,0.5648
FBgn0010235,0.34,0.113,0.166,0.381
FBgn0026178,0.3175,0.2405,0.2705,0.1715
FBgn0011016,0.0724,0.3614,0.4646,0.1016
FBgn0002543,0.2995,0.3,0.257,0.144
FBgn0034368,0.127,0.2295,0.50575,0.13775
FBgn0001197,0.0842,0.0814,0.1772,0.6576
FBgn0003279,0.13725,0.198375,0.296125,0.3685
FBgn0039160,0.101,0.325,0.429667,0.144667
FBgn0039562,0.0869535,0.225907,0.528023,0.15914
FBgn0032444,0.258,0.121,0.172,0.449
FBgn0034902,0.124,0.229667,0.454333,0.192667
FBgn0034914,0.107,0.30375,0.4225,0.1665
FBgn0024234,0.057,0.144,0.641,0.158
FBgn0003022,0.0893333,0.301667,0.392111,0.217444
FBgn0039537,0.247,0.066,0.1705,0.516
FBgn0025698,0.296,0.303,0.273,0.127
FBgn0036974,0.2535,0.15225,0.1835,0.41125
FBgn0034708,0.359,0.214,0.242,0.185
FBgn0036258,0.359,0.268,0.124,0.249
FBgn0035946,0.301,0.119,0.167,0.413
FBgn0022959,0.213,0.097,0.113,0.577
FBgn0002921,0.303571,0.281434,0.277183,0.137949
FBgn0030853,0.288,0.0605,0.1065,0.5445
FBgn0024320,0.199,0.163,0.315,0.324
FBgn0035937,0.131,0.337,0.357,0.175
FBgn0028468,0.116,0.153,0.553,0.178
FBgn0015790,0.353857,0.320571,0.18,0.145714
FBgn0039207,0.414,0.291,0.1735,0.1215
FBgn0038863,0.063,0.3,0.475,0.162
FBgn0000636,0.280636,0.271273,0.299364,0.148727
FBgn0025678,0.0905833,0.2795,0.494083,0.136167
FBgn0013272,0.188,0.372333,0.320333,0.119333
FBgn0038519,0.2978,0.085,0.0694,0.5478
FBgn0011771,0.40275,0.20375,0.20575,0.188
FBgn0039125,0.1195,0.2705,0.4285,0.1815
FBgn0038868,0.089,0.1976,0.5566,0.1568
FBgn0039132,0.213,0.393,0.185,0.209
FBgn0003471,0.250313,0.275562,0.303375,0.170625
FBgn0028375,0.0976667,0.298667,0.450333,0.153667
FBgn0015795,0.2288,0.3646,0.2756,0.1308
FBgn0004867,0.246667,0.152667,0.131333,0.469333
FBgn0036211,0.083,0.202,0.562,0.1535
FBgn0031781,0.343,0.1595,0.2555,0.243
FBgn0036752,0.23,0.264,0.242,0.2635
FBgn0036555,0.092,0.487,0.246,0.175
FBgn0016120,0.379333,0.0653333,0.0813333,0.474667
FBgn0036198,0.325,0.2705,0.262,0.1425
FBgn0038349,0.186,0.183,0.279,0.352
FBgn0024556,0.284,0.118,0.0965,0.5015
FBgn0000064,0.505,0.153,0.1775,0.164
FBgn0036182,0.4645,0.2115,0.2065,0.118
FBgn0027865,0.321,0.3055,0.2495,0.1235
FBgn0015756,0.178,0.2195,0.226,0.377
FBgn0004401,0.09,0.059,0.108,0.743
FBgn0014877,0.283,0.104,0.087,0.526
FBgn0036155,0.261,0.068,0.316,0.354
FBgn0039156,0.1255,0.0875,0.349,0.438
FBgn0032340,0.211,0.127,0.1235,0.5385
FBgn0022355,0.3808,0.3246,0.1454,0.1488
FBgn0036147,0.1384,0.3826,0.3652,0.1138
FBgn0019925,0.092,0.238,0.519,0.151
FBgn0028734,0.2236,0.1188,0.1244,0.5336
FBgn0027611,0.158,0.197,0.278,0.367
FBgn0036141,0.131,0.243667,0.46,0.165333
FBgn0032456,0.29,0.250625,0.2915,0.168
FBgn0013269,0.198,0.2105,0.23725,0.3545
FBgn0027582,0.103364,0.255182,0.478273,0.163
FBgn0017579,0.142,0.2195,0.2908,0.3475
FBgn0032350,0.5545,0.17925,0.134,0.1325
FBgn0036735,0.218,0.141,0.107,0.534
FBgn0028737,0.4546,0.2018,0.1852,0.1582
FBgn0019957,0.395,0.079,0.057,0.469
FBgn0034277,0.0722857,0.213429,0.584143,0.129857
FBgn0030930,0.075,0.425,0.339667,0.16
FBgn0032646,0.282,0.0865,0.1165,0.515
FBgn0029688,0.136,0.2505,0.2595,0.354
FBgn0032643,0.093875,0.27075,0.486,0.149
FBgn0019960,0.366,0.07975,0.09175,0.46275
FBgn0034259,0.321,0.08575,0.088,0.5055
FBgn0036710,0.097,0.289,0.441,0.173
FBgn0010409,0.163364,0.2,0.265091,0.371273
FBgn0036702,0.34,0.091,0.117,0.452
FBgn0033879,0.3061,0.149,0.1075,0.4375
FBgn0034214,0.104,0.214,0.503,0.179
FBgn0000634,0.348,0.302556,0.219444,0.130222
FBgn0015797,0.171,0.5335,0.1835,0.112
FBgn0026418,0.473,0.24,0.172,0.115
FBgn0004363,0.308692,0.108462,0.131538,0.451462
FBgn0039213,0.0915,0.307833,0.473833,0.1265
FBgn0032292,0.088,0.351,0.455,0.106
FBgn0032398,0.072,0.155,0.595,0.178
FBgn0027088,0.515,0.17,0.123,0.192
FBgn0002622,0.2105,0.143875,0.14875,0.497125
FBgn0037912,0.560111,0.190556,0.143889,0.105444
FBgn0040237,0.314,0.092,0.108,0.486
FBgn0026207,0.121,0.108,0.14,0.631
FBgn0035909,0.0773,0.3105,0.4472,0.165
FBgn0013997,0.231444,0.270556,0.328444,0.169556
FBgn0020254,0.387444,0.180444,0.201444,0.230556
FBgn0036825,0.14,0.2065,0.285833,0.367667
FBgn0014075,0.0861765,0.296941,0.468059,0.148647
FBgn0036484,0.051,0.025,0.342,0.582
FBgn0000261,0.109,0.049,0.299,0.542
FBgn0002525,0.074,0.0993,0.3545,0.4721
FBgn0039004,0.078,0.153,0.085,0.684
FBgn0011253,0.349,0.109,0.307,0.235
FBgn0037960,0.379,0.271,0.262,0.089
FBgn0040284,0.084,0.102,0.204,0.61
FBgn0014002,0.0867172,0.264253,0.500879,0.148152
FBgn0035121,0.1223,0.0888,0.1129,0.6763
FBgn0028325,0.307667,0.0756667,0.0746667,0.541333
FBgn0039234,0.323333,0.247,0.256,0.173667
FBgn0027095,0.0758333,0.240167,0.544,0.14
FBgn0038277,0.241333,0.168,0.16,0.431
FBgn0030086,0.416667,0.241333,0.157667,0.184
FBgn0003178,0.365714,0.170714,0.168286,0.295143
FBgn0038947,0.163087,0.372043,0.263652,0.201217
FBgn0001090,0.259,0.38025,0.25175,0.108875
FBgn0015609,0.1955,0.31525,0.3525,0.13675
FBgn0020618,0.207714,0.210286,0.258429,0.323286
FBgn0021765,0.285833,0.0681667,0.0861667,0.560167
FBgn0002527,0.1314,0.2322,0.4436,0.193
FBgn0001248,0.3625,0.175,0.1165,0.346
FBgn0004003,0.0448,0.302,0.5254,0.1278
FBgn0000565,0.106,0.344,0.434,0.116
FBgn0036213,0.167462,0.200769,0.27,0.361769
FBgn0031379,0.161,0.397,0.298,0.144
FBgn0040493,0.441,0.1885,0.143,0.2275
FBgn0025617,0.103667,0.317,0.424167,0.155167
FBgn0038722,0.074,0.3905,0.1595,0.376
FBgn0028541,0.076,0.537,0.2645,0.1225
FBgn0021953,0.0956667,0.336333,0.427333,0.140667
FBgn0037580,0.358,0.163,0.167,0.312
FBgn0036762,0.265,0.09,0.17,0.474
FBgn0036927,0.306333,0.116,0.103333,0.473667
FBgn0015288,0.142667,0.169,0.270667,0.417667
FBgn0020392,0.2008,0.1242,0.182,0.4936
FBgn0014362,0.146,0.125,0.165,0.564
FBgn0011673,0.334,0.261,0.251,0.154
FBgn0034432,0.3385,0.0765,0.0825,0.5025
FBgn0017645,0.301,0.374714,0.212714,0.111571
FBgn0037573,0.1,0.078,0.111,0.711
FBgn0036745,0.0805,0.3745,0.42525,0.12
FBgn0000100,0.220917,0.276833,0.2335,0.268917
FBgn0010349,0.249933,0.109667,0.169,0.471733
FBgn0038533,0.183667,0.204333,0.278667,0.333333
FBgn0003501,0.386333,0.272,0.181667,0.16
FBgn0035793,0.289,0.2145,0.161,0.3355
FBgn0030990,0.0775,0.282,0.456,0.1835
FBgn0012051,0.358,0.318333,0.158,0.164667
FBgn0036728,0.318,0.063,0.073,0.546
FBgn0020496,0.09,0.378,0.294,0.239
FBgn0020240,0.2346,0.2662,0.325,0.174267
FBgn0015283,0.362,0.208,0.147,0.282
FBgn0002579,0.143,0.195,0.263,0.3985
FBgn0032026,0.380714,0.304857,0.184429,0.130429
FBgn0036928,0.291,0.143,0.135,0.431
FBgn0038538,0.2942,0.3456,0.2182,0.1424
FBgn0038610,0.2045,0.1545,0.2155,0.425
FBgn0044871,0.097,0.507,0.208,0.188
FBgn0013325,0.15825,0.15875,0.25025,0.43275
FBgn0036509,0.257,0.237,0.25,0.256
FBgn0026189,0.063,0.274,0.506,0.156
FBgn0028695,0.411,0.157,0.118,0.314
FBgn0001308,0.352333,0.158667,0.197,0.291667
FBgn0039704,0.099,0.139,0.459,0.304
FBgn0039713,0.228143,0.142286,0.139,0.490571
FBgn0032015,0.0695,0.270833,0.5155,0.144
FBgn0039697,0.2762,0.0914,0.0914,0.5416
FBgn0032012,0.113,0.2805,0.4805,0.126
FBgn0030658,0.113,0.318,0.431,0.137
FBgn0004603,0.3718,0.2586,0.24,0.1298
FBgn0033039,0.109063,0.277562,0.39325,0.219875
FBgn0042693,0.365,0.223,0.243,0.169
FBgn0016685,0.251,0.279667,0.235333,0.233667
FBgn0039737,0.309,0.098,0.09925,0.49375
FBgn0002626,0.1425,0.1955,0.2675,0.3945
FBgn0025725,0.145333,0.091,0.136333,0.627
FBgn0010350,0.11,0.289,0.451,0.151
FBgn0026372,0.098125,0.179375,0.329875,0.392375
FBgn0034117,0.241,0.234,0.19,0.334
FBgn0038587,0.351545,0.0726364,0.0794545,0.496636
FBgn0015477,0.38475,0.324,0.1425,0.14875
FBgn0037607,0.442,0.1895,0.1715,0.1975
FBgn0027554,0.114875,0.269375,0.438125,0.176875
FBgn0020611,0.30125,0.286,0.197,0.2155
FBgn0033382,0.135,0.305,0.4,0.16
FBgn0028469,0.302,0.327,0.212,0.159
FBgn0003328,0.2865,0.3215,0.2555,0.137
FBgn0037689,0.223,0.413,0.182,0.183
FBgn0019644,0.32325,0.0935,0.093,0.49025
FBgn0024754,0.306,0.30325,0.24425,0.14675
FBgn0026193,0.351,0.205,0.204,0.241
FBgn0037711,0.132,0.563,0.206,0.099
FBgn0027329,0.355667,0.151444,0.136778,0.356111
FBgn0033342,0.543,0.2206,0.1136,0.1228
FBgn0004921,0.369,0.4185,0.1405,0.0715
FBgn0000556,0.258789,0.129474,0.167737,0.443895
FBgn0037718,0.0916667,0.285333,0.486333,0.136667
FBgn0030854,0.061,0.08,0.147,0.712
FBgn0034142,0.0585,0.283,0.514,0.1445
FBgn0004236,0.4965,0.1325,0.221,0.15
FBgn0033902,0.233667,0.095,0.173,0.498333
FBgn0020236,0.278,0.1535,0.18775,0.3805
FBgn0033906,0.103,0.309667,0.432,0.155333
FBgn0010339,0.188,0.126,0.152,0.533
FBgn0037632,0.346833,0.265,0.159833,0.228333
FBgn0003425,0.192,0.348,0.325,0.135
FBgn0034060,0.0876667,0.276333,0.469667,0.166667
FBgn0010348,0.506,0.137,0.227,0.13
FBgn0034066,0.085,0.321,0.459,0.136
FBgn0014020,0.35775,0.284,0.24075,0.11725
FBgn0023167,0.092,0.081,0.134,0.692
FBgn0010621,0.459667,0.176667,0.142,0.222333
FBgn0034087,0.209667,0.115333,0.165,0.510333
FBgn0031996,0.089,0.21,0.583,0.1185
FBgn0028343,0.1094,0.2854,0.4512,0.154
FBgn0033914,0.2965,0.109,0.0925,0.502
FBgn0031993,0.2725,0.302,0.28125,0.14475
FBgn0037756,0.0941667,0.299667,0.472833,0.133667
FBgn0001220,0.320833,0.0725,0.0728333,0.534
FBgn0011592,0.299667,0.349667,0.223,0.128
FBgn0035771,0.10075,0.274875,0.498125,0.125875
FBgn0011640,0.091,0.078,0.148,0.684
FBgn0035762,0.261,0.068,0.316,0.354
FBgn0035753,0.12725,0.2105,0.274,0.38825
FBgn0033317,0.163667,0.123,0.164,0.549
FBgn0013726,0.3605,0.173,0.1715,0.295
FBgn0020279,0.115,0.1895,0.1035,0.592
FBgn0033235,0.326,0.126,0.0935,0.4545
FBgn0010609,0.146182,0.351273,0.380545,0.122182
FBgn0033309,0.122667,0.288333,0.462,0.126667
FBgn0017565,0.2545,0.1815,0.1575,0.4065
FBgn0016078,0.178,0.34,0.313,0.169
FBgn0033717,0.112,0.297,0.4388,0.1524
FBgn0033699,0.154667,0.132667,0.186,0.526667
FBgn0038145,0.313,0.178,0.1555,0.3535
FBgn0033688,0.105,0.0825,0.119,0.694
FBgn0015834,0.272667,0.125333,0.116333,0.485667
FBgn0001092,0.386,0.219,0.183,0.212
FBgn0010411,0.219833,0.116667,0.132667,0.530667
FBgn0028967,0.140333,0.105333,0.275333,0.479333
FBgn0004839,0.309286,0.307143,0.234143,0.149714
FBgn0015019,0.34175,0.189,0.16,0.309
FBgn0033663,0.0941622,0.263189,0.489811,0.153
FBgn0010516,0.266333,0.211667,0.176333,0.345333
FBgn0034176,0.1295,0.1875,0.505167,0.178
FBgn0000319,0.279667,0.225583,0.22575,0.269167
FBgn0014868,0.116,0.277,0.4616,0.1453
FBgn0033631,0.458,0.192,0.204,0.146
FBgn0021795,0.0885556,0.283222,0.478444,0.149889
FBgn0001128,0.197,0.07,0.258,0.476
FBgn0030703,0.0865,0.362,0.426,0.126
FBgn0001942,0.5175,0.1655,0.1485,0.1675
FBgn0030805,0.049,0.348,0.467,0.136
FBgn0030616,0.1795,0.4215,0.1245,0.2745
FBgn0022023,0.2385,0.111,0.119,0.5315
FBgn0045073,0.10175,0.285,0.46325,0.15
FBgn0035195,0.120857,0.309429,0.423714,0.146
FBgn0030791,0.291,0.212,0.296,0.201
FBgn0031879,0.2335,0.23225,0.34425,0.19025
FBgn0025682,0.104267,0.2308,0.509133,0.1556
FBgn0028419,0.084,0.277,0.524,0.115
FBgn0031779,0.109333,0.382,0.396667,0.112333
FBgn0003138,0.126571,0.407429,0.332286,0.134286
FBgn0035208,0.1245,0.418,0.1995,0.258
FBgn0035206,0.121333,0.285,0.451667,0.141667
FBgn0005655,0.276,0.148,0.268,0.3075
FBgn0040285,0.296,0.455,0.156,0.093
FBgn0036887,0.366,0.059,0.055,0.52
FBgn0010100,0.331,0.091,0.0893333,0.488333
FBgn0032916,0.10025,0.2545,0.5065,0.139
FBgn0015776,0.2735,0.214,0.3035,0.2095
FBgn0015777,0.242,0.3005,0.3145,0.143
FBgn0032906,0.1,0.163,0.199,0.537
FBgn0003887,0.499333,0.194667,0.150167,0.156
FBgn0030672,0.141375,0.126375,0.16875,0.563625
FBgn0032518,0.138957,0.211391,0.290348,0.359435
FBgn0000454,0.402,0.126,0.17,0.302
FBgn0032514,0.100714,0.201571,0.536571,0.160714
FBgn0004873,0.287,0.247,0.288,0.178
FBgn0032885,0.274,0.154667,0.290333,0.281333
FBgn0003150,0.3875,0.153,0.1435,0.3155
FBgn0032904,0.101667,0.3068,0.449,0.142467
FBgn0037701,0.0693333,0.062,0.0696667,0.799333
FBgn0003205,0.342,0.27775,0.23525,0.145
FBgn0015778,0.16425,0.116,0.135,0.58475
FBgn0037719,0.092,0.323,0.413,0.171
FBgn0005585,0.0674,0.1982,0.6012,0.1332
FBgn0028401,0.401,0.252,0.206,0.14
FBgn0032078,0.084,0.6,0.221,0.096
FBgn0031815,0.1435,0.223,0.48,0.153
FBgn0026571,0.0827143,0.138571,0.588429,0.190143
FBgn0031090,0.291,0.360333,0.240667,0.108
FBgn0031092,0.272,0.13,0.178,0.421
FBgn0040529,0.323,0.085,0.119,0.473
FBgn0003089,0.0613333,0.166,0.56,0.212667
FBgn0010173,0.091,0.09625,0.162,0.651
FBgn0027528,0.2915,0.2265,0.261,0.2205
FBgn0025582,0.248,0.109333,0.106667,0.536
FBgn0004556,0.316,0.1585,0.193,0.333
FBgn0004108,0.339067,0.286467,0.2504,0.124067
FBgn0036661,0.305,0.243,0.239,0.213
FBgn0030768,0.067,0.392,0.404,0.137
FBgn0016797,0.356,0.305,0.24,0.098
FBgn0000171,0.283,0.143667,0.192333,0.381
FBgn0040075,0.229,0.1415,0.2005,0.429
FBgn0027570,0.249333,0.279,0.29,0.181333
FBgn0011455,0.306,0.079,0.117,0.498
FBgn0038149,0.325,0.2438,0.2624,0.1692
FBgn0037249,0.2668,0.1012,0.117,0.5148
FBgn0010470,0.0865,0.2055,0.5595,0.1485
FBgn0003062,0.0945,0.0965,0.135,0.674
FBgn0030734,0.0931429,0.203571,0.548286,0.155
FBgn0004432,0.3555,0.184,0.148,0.3125
FBgn0004925,0.343,0.1395,0.138,0.3795
FBgn0035726,0.124,0.058,0.343,0.476
FBgn0001215,0.052,0.061,0.095,0.792
