FBgn,ProteinID,FlybaseSymbol,NoPeptideIDs,MascotScore,NoPeptidesQuantified,PLSDA
FBgn0001104,CG10060,G-ialpha65A,3,179.86,1,PM
FBgn0000044,CG10067,Act57B,5,222.4,9,PM
FBgn0035720,CG10077,CG10077,5,219.65,3,
FBgn0003731,CG10079,Egfr,2,86.39,2,PM
FBgn0029506,CG10106,Tsp42Ee,1,52.1,1,
FBgn0010638,CG10130,Sec61beta,2,79.9,3,ER/Golgi
FBgn0028689,CG10149,Rpn6,1,44.84,1,
FBgn0031871,CG10158,CG10158,2,80.05,2,
FBgn0040227,CG10161,eIF-3p66,2,81.94,2,
FBgn0032799,CG10166,CG10166,2,78.31,2,ER/Golgi
FBgn0037443,CG1021,CG1021,2,86.18,2,ER/Golgi
FBgn0028475,CG10221,CG10221,3,136.46,5,ER/Golgi
FBgn0003732,CG10223,Top2,12,573.73,8,
FBgn0028691,CG10230,Rpn9,2,84.8,2,
FBgn0002526,CG10236,LanA,12,569.67,13,
FBgn0013773,CG10240,Cyp6a22,3,123.83,4,ER/Golgi
FBgn0013772,CG10248,Cyp6a8,4,218.39,6,ER/Golgi
FBgn0033984,CG10255,Lap1,1,54.43,1,PM
FBgn0003261,CG10279,Rm62,5,209.13,3,
FBgn0017397,CG10293,how,1,52.46,1,
FBgn0032679,CG10302,bsf,4,168.01,3,mitochondrion
FBgn0028684,CG10370,Tbp-1,2,86.62,2,
FBgn0025608,CG10372,Faf,5,244.82,5,ER/Golgi
FBgn0032704,CG10373,CG10373,1,57.61,2,ER/Golgi
FBgn0032689,CG10413,CG10413,3,153.14,3,
FBgn0039296,CG10420,CG10420,3,136.81,4,ER/Golgi
FBgn0039304,CG10425,CG10425,2,125.27,2,ER/Golgi
FBgn0032746,CG10470,CG10470,1,42.86,1,ER/Golgi
FBgn0027090,CG10506,Aats-gln,2,86.1,2,
FBgn0034583,CG10527,CG10527,1,59.74,1,PM
FBgn0001105,CG10545,Gbeta13F,2,139.79,2,PM
FBgn0037051,CG10565,CG10565,1,55.57,1,
FBgn0035630,CG10576,CG10576,5,261.27,7,
FBgn0011341,CG1059,Karybeta3,2,85.55,1,
FBgn0016122,CG10593,Acer,2,84.42,3,ER/Golgi
FBgn0032721,CG10602,CG10602,2,80.8,2,
FBgn0036286,CG10616,CG10616,4,186.69,5,ER/Golgi
FBgn0036299,CG10620,Tsf2,6,252.85,6,PM
FBgn0010894,CG10624,sinu,1,43.51,1,
FBgn0004888,CG1065,Scsalpha,2,108.11,2,mitochondrion
FBgn0015745,CG10652,RpL30,2,86.17,6,
FBgn0035588,CG10672,CG10672,2,81.53,1,
FBgn0041775,CG10686,tral,4,168.3,3,
FBgn0002031,CG10691,l(2)37Cc,6,307.02,9,mitochondrion
FBgn0011661,CG10701,Moe,3,120.78,3,
FBgn0034420,CG10737,CG10737,1,43.38,1,ER/Golgi
FBgn0029979,CG10777,CG10777,3,130.88,1,
FBgn0023213,CG10811,eIF-4G,5,220.22,4,mitochondrion
FBgn0037240,CG1084,Cont,4,168.67,5,PM
FBgn0035471,CG10849,Sc2,2,97.51,2,ER/Golgi
FBgn0015324,CG1088,Vha26,4,181.97,4,PM
FBgn0031408,CG10882,CG10882,2,83.13,1,
FBgn0037470,CG1091,CG1091,1,49.58,1,mitochondrion
FBgn0029969,CG10932,CG10932,2,90.29,2,mitochondrion
FBgn0016697,CG10938,ProsMA5,1,51.88,2,
FBgn0010620,CG10939,Sip1,1,42.76,1,
FBgn0004922,CG10944,RpS6,3,118.99,4,
FBgn0036316,CG10960,CG10960,2,98.11,2,PM
FBgn0014007,CG10975,Ptp69D,2,76.5,2,PM
FBgn0037374,CG10978,jagn,1,50.35,1,ER/Golgi
FBgn0028690,CG1100,Rpn5,1,45.54,1,
FBgn0013954,CG11001,FK506-bp2,2,84.18,2,PM
FBgn0010774,CG1101,Aly,2,100.65,3,
FBgn0031830,CG11015,CG11015,1,51.51,1,mitochondrion
FBgn0037467,CG1104,CG1104,7,290.87,6,ER/Golgi
FBgn0040813,CG11051,Nplp2,2,77.04,3,PM
FBgn0039928,CG11059,cals,3,111.87,3,PM
FBgn0016724,CG11064,RfaBp,26,1195,34,
FBgn0025741,CG11081,plexA,10,451.22,14,PM
FBgn0031842,CG11098,Tango1,6,256.26,6,ER/Golgi
FBgn0004047,CG11129,Yp3,7,329.92,12,
FBgn0037199,CG11137,CG11137,2,92.12,3,ER/Golgi
FBgn0010548,CG11140,Aldh-III,5,242.12,8,ER/Golgi
FBgn0010217,CG11154,ATPsyn-beta,8,448.2,16,mitochondrion
FBgn0034500,CG11200,CG11200,4,169.94,3,
FBgn0034488,CG11208,CG11208,2,79.6,2,
FBgn0036334,CG11267,CG11267,2,105.86,3,
FBgn0014027,CG11271,RpS12,1,51.92,2,
FBgn0011284,CG11276,RpS4,5,198.59,5,
FBgn0010452,CG11280,trn,2,68.21,2,PM
FBgn0031217,CG11377,CG11377,3,116.1,4,ER/Golgi
FBgn0029713,CG11436,CG11436,3,131.02,2,
FBgn0027086,CG11471,Aats-ile,6,270.05,8,
FBgn0027527,CG1151,Osi6,3,141.96,3,ER/Golgi
FBgn0039857,CG11522,RpL6,5,230.51,11,
FBgn0037414,CG1153,Osi7,3,142.77,2,PM
FBgn0003444,CG11561,smo,2,75.33,2,PM
FBgn0015623,CG11567,Cpr,6,257.23,7,ER/Golgi
FBgn0036847,CG11577,CG11577,2,91.29,3,ER/Golgi
FBgn0000117,CG11579,arm,5,229.36,8,PM
FBgn0037313,CG1161,CG1161,2,100.04,3,PM
FBgn0040340,CG11642,TRAM,1,50.58,1,ER/Golgi
FBgn0033028,CG11665,CG11665,1,48.14,1,PM
FBgn0039252,CG11771,CG11771,2,74.59,2,
FBgn0039259,CG11781,CG11781,1,70.7,1,ER/Golgi
FBgn0045866,CG11785,bai,3,192.48,10,ER/Golgi
FBgn0039265,CG11790,CG11790,2,98.16,2,ER/Golgi
FBgn0003462,CG11793,Sod,2,96.96,2,
FBgn0031260,CG11840,Spp,2,95.14,2,ER/Golgi
FBgn0039293,CG11851,CG11851,1,44.65,1,ER/Golgi
FBgn0039302,CG11856,Nup358,2,84.31,2,
FBgn0039303,CG11857,CG11857,2,142.71,4,
FBgn0039635,CG11876,CG11876,2,83.08,2,
FBgn0028692,CG11888,Rpn2,3,138.47,4,
FBgn0039644,CG11897,CG11897,1,46.12,2,
FBgn0029176,CG11901,Ef1gamma,5,210.78,7,
FBgn0010434,CG11949,cora,11,559.67,10,
FBgn0015622,CG11958,Cnx99A,4,208.49,6,ER/Golgi
FBgn0037643,CG11963,CG11963,3,118.97,2,
FBgn0037652,CG11980,CG11980,1,44.2,1,
FBgn0036064,CG11989,Ard1,1,42.61,1,
FBgn0037312,CG11999,CG11999,4,161.85,6,ER/Golgi
FBgn0004167,CG12008,kst,7,306.08,8,
FBgn0035257,CG12011,CG12011,2,115.96,4,ER/Golgi
FBgn0035438,CG12013,PHGPx,3,142.73,5,ER/Golgi
FBgn0011573,CG12019,Cdc37,1,44.29,1,PM
FBgn0001091,CG12055,Gapdh1,5,229.96,2,
FBgn0030099,CG12056,CG12056,1,43.88,1,ER/Golgi
FBgn0039851,CG12063,CG12063,1,42.52,1,
FBgn0000416,CG12070,Sap-r,2,82.74,6,
FBgn0015245,CG12101,Hsp60,12,559.09,17,mitochondrion
FBgn0030057,CG12108,Ppt1,2,101.22,2,
FBgn0030130,CG12139,CG12139,15,624.18,17,PM
FBgn0033465,CG12140,CG12140,3,137.58,3,
FBgn0029959,CG12156,Rab39,2,94.93,1,
FBgn0016041,CG12157,Tom40,4,168.61,4,mitochondrion
FBgn0024294,CG12172,Spn43Aa,2,81.11,2,PM
FBgn0031020,CG12202,Nat1,5,214.51,6,
FBgn0003660,CG12210,Syb,2,125.88,4,PM
FBgn0027291,CG12233,l(1)G0156,5,209.89,5,mitochondrion
FBgn0035811,CG12262,CG12262,6,269.41,11,mitochondrion
FBgn0032393,CG12264,CG12264,1,45.46,1,
FBgn0028425,CG12317,JhI-21,1,57.82,2,PM
FBgn0010238,CG12369,Lac,3,154.98,4,PM
FBgn0001233,CG1242,Hsp83,6,313.34,11,PM
FBgn0037434,CG1249,CG1249,2,83.47,1,
FBgn0037357,CG1250,sec23,1,44.21,1,
FBgn0010341,CG12530,Cdc42,2,121.1,1,PM
FBgn0010380,CG12532,Bap,3,131.78,3,
FBgn0024939,CG1263,RpL8,2,96.83,6,
FBgn0000547,CG12676,ed,7,307.14,8,PM
FBgn0040308,CG1274,Jafrac2,2,86.37,3,ER/Golgi
FBgn0035422,CG12740,RpL28,5,224.7,5,
FBgn0004237,CG12749,Hrb87F,1,81.07,1,
FBgn0024365,CG12773,CG12773,2,86.24,2,PM
FBgn0032987,CG12775,RpL21,1,52.53,3,
FBgn0027842,CG12891,CPTI,3,118.25,2,ER/Golgi
FBgn0026403,CG12908,Ndg,4,193.2,4,PM
FBgn0035401,CG1291,CG1291,1,56.78,1,ER/Golgi
FBgn0033477,CG12918,CG12918,4,184.76,6,ER/Golgi
FBgn0033480,CG12921,mRpL42,1,57.88,1,mitochondrion
FBgn0037755,CG12945,CG12945,3,130.23,4,ER/Golgi
FBgn0026566,CG1307,CG1307,3,128.61,3,ER/Golgi
FBgn0035519,CG1309,CG1309,4,174.93,4,ER/Golgi
FBgn0032050,CG13096,CG13096,3,135.75,1,
FBgn0035523,CG1311,CG1311,3,120.5,3,PM
FBgn0032168,CG13126,CG13126,1,51.76,1,mitochondrion
FBgn0033881,CG13345,RacGAP50C,1,45.35,2,
FBgn0026879,CG13364,CG13364,1,49.28,1,
FBgn0027932,CG13388,Akap200,8,366.5,10,PM
FBgn0010265,CG13389,RpS13,2,81.46,3,
FBgn0032035,CG13393,CG13393,3,144.86,6,ER/Golgi
FBgn0028687,CG1341,Rpt1,5,216.56,5,
FBgn0015907,CG13425,bl,3,154.02,3,
FBgn0040660,CG13551,CG13551,1,76.53,1,mitochondrion
FBgn0039219,CG13630,CG13630,1,56.44,1,
FBgn0033482,CG1371,CG1371,11,584.3,13,ER/Golgi
FBgn0004649,CG1372,yl,5,233.23,6,
FBgn0039098,CG13822,CG13822,1,56.76,1,
FBgn0038964,CG13849,Nop56,1,54.58,1,
FBgn0035165,CG13887,CG13887,2,109.57,2,ER/Golgi
FBgn0035173,CG13907,CG13907,4,159.41,4,
FBgn0015031,CG14028,cype,2,117.7,3,mitochondrion
FBgn0011710,CG1403,Sep1,2,85.87,2,
FBgn0020255,CG1404,ran,3,142.63,4,
FBgn0036855,CG14084,CG14084,1,49.17,1,ER/Golgi
FBgn0036889,CG14100,CG14100,1,45.9,1,
FBgn0035965,CG14181,Use1,3,150.16,2,ER/Golgi
FBgn0031035,CG14206,RpS10b,1,45.71,1,
FBgn0038660,CG14291,CG14291,1,51.66,1,
FBgn0038611,CG14309,CG14309,1,54.16,1,
FBgn0030038,CG1440,CG1440,4,150.9,4,
FBgn0027588,CG14476,CG14476,9,454.47,20,ER/Golgi
FBgn0034245,CG14482,CG14482,1,43.11,1,mitochondrion
FBgn0062442,CG1458,CG1458,2,94.55,3,
FBgn0025641,CG14622,DAAM,2,88.96,2,PM
FBgn0037245,CG14648,CG14648,7,329.51,9,
FBgn0037252,CG14650,CG14650,2,101.03,2,ER/Golgi
FBgn0031106,CG1467,Syx16,1,46.18,1,ER/Golgi
FBgn0037340,CG14671,CG14671,2,97.99,4,ER/Golgi
FBgn0015221,CG1469,Fer2LCH,3,147.99,6,ER/Golgi
FBgn0037930,CG14715,CG14715,4,207.5,5,
FBgn0019624,CG14724,CoVa,4,160.18,3,mitochondrion
FBgn0033236,CG14764,CG14764,1,42.87,1,
FBgn0003517,CG14792,sta,4,171.36,5,PM
FBgn0026090,CG14812,CG14812,2,118.93,1,
FBgn0028969,CG14813,deltaCOP,2,89.88,1,
FBgn0002645,CG1483,Map205,2,81.02,2,
FBgn0038432,CG14883,CG14883,3,118.5,2,ER/Golgi
FBgn0032378,CG14939,CG14939,1,45.48,1,PM
FBgn0035440,CG14969,CG14969,1,53.07,2,
FBgn0035469,CG14977,CG14977,1,42.95,1,
FBgn0035499,CG14996,Chd64,2,95.67,1,
FBgn0015287,CG14999,RfC40,1,51.22,1,
FBgn0010551,CG15081,l(2)03709,5,255.83,6,mitochondrion
FBgn0034388,CG15092,CG15092,2,81.81,4,PM
FBgn0034401,CG15100,CG15100,2,108.47,1,
FBgn0034405,CG15102,Jheh2,1,51.05,2,ER/Golgi
FBgn0034406,CG15106,Jheh3,2,93,2,ER/Golgi
FBgn0026664,CG1515,l(1)G0155,2,71.19,2,PM
FBgn0027580,CG1516,CG1516,6,280.11,7,
FBgn0031149,CG1518,CG1518,2,96.95,3,ER/Golgi
FBgn0023175,CG1519,Prosalpha7,3,119.2,5,
FBgn0010410,CG15442,RpL27A,2,84.57,4,
FBgn0029093,CG1548,cathD,3,111,3,
FBgn0004657,CG1560,mys,3,126.62,4,PM
FBgn0038834,CG15697,RpS30,1,50,2,
FBgn0030465,CG15743,CG15743,2,110.65,3,ER/Golgi
FBgn0005634,CG15792,zip,14,648.19,12,
FBgn0004574,CG15811,Rop,2,79.99,3,PM
FBgn0000054,CG15845,Adf1,2,70.16,2,
FBgn0030289,CG1597,CG1597,4,156.34,3,ER/Golgi
FBgn0000346,CG1618,comt,6,299.73,2,
FBgn0040309,CG1633,Jafrac1,4,165.85,5,
FBgn0002968,CG1634,Nrg,12,513.89,13,PM
FBgn0033446,CG1648,CG1648,1,55.63,1,
FBgn0011747,CG1651,Ank,2,100.77,2,PM
FBgn0030122,CG16892,CG16892,1,43.86,1,ER/Golgi
FBgn0003498,CG16901,sqd,1,48.79,1,
FBgn0030235,CG1691,Imp,1,54.91,2,
FBgn0028686,CG16916,Rpt3,1,42.83,2,PM
FBgn0003360,CG16944,sesB,5,255.24,9,mitochondrion
FBgn0038809,CG16953,CG16953,2,89.69,2,
FBgn0036512,CG16979,CG16979,2,82.75,3,ER/Golgi
FBgn0030321,CG1703,CG1703,1,51.24,1,
FBgn0028671,CG1709,Vha100-1,3,115.86,4,PM
FBgn0014869,CG1721,Pglym78,1,51.93,1,
FBgn0025740,CG17245,plexB,4,153.02,4,PM
FBgn0001624,CG1725,dlg1,4,164.18,3,PM
FBgn0030205,CG17255,CG17255,2,118.05,1,
FBgn0025803,CG17299,SNF4Agamma,2,84.35,1,PM
FBgn0032713,CG17323,CG17323,3,149.14,2,
FBgn0027779,CG17332,VhaSFD,2,76.24,1,
FBgn0005671,CG17369,Vha55,3,167.69,3,PM
FBgn0025814,CG1742,Mgstl,1,44.08,2,ER/Golgi
FBgn0039925,CG17461,Kif3C,1,43.39,1,
FBgn0030306,CG1751,Spase25,5,218.72,5,ER/Golgi
FBgn0024733,CG17521,Qm,2,77.54,3,
FBgn0031544,CG17593,CG17593,4,159.88,3,ER/Golgi
FBgn0000579,CG17654,Eno,3,132.43,4,
FBgn0035423,CG17737,CG17737,1,43.65,1,
FBgn0004435,CG17759,Galpha49B,2,98.42,2,PM
FBgn0039188,CG17785,Golgin84,1,43.07,1,ER/Golgi
FBgn0026415,CG1780,Idgf4,4,188.47,6,
FBgn0023143,CG1782,Uba1,1,47.53,1,PM
FBgn0038914,CG17820,fit,1,43.39,1,
FBgn0004907,CG17870,14-3-3zeta,5,263.38,3,PM
FBgn0010215,CG17947,alpha-Cat,5,197.5,6,PM
FBgn0061209,CG17949,His2B:CG17949,2,91.03,6,
FBgn0004362,CG17950,HmgD,1,52.7,1,
FBgn0034657,CG17952,LBR,3,166.2,4,
FBgn0003204,CG1799,ras,1,47.34,1,
FBgn0038552,CG18012,CG18012,1,46.29,1,ER/Golgi
FBgn0003392,CG18102,shi,4,193.62,4,
FBgn0039678,CG18111,Obp99a,3,141.01,6,ER/Golgi
FBgn0038535,CG18212,alt,13,693.77,20,ER/Golgi
FBgn0010342,CG1825,Map60,1,48.57,1,
FBgn0034072,CG18250,Dg,2,81.33,2,PM
FBgn0031126,CG1829,Cyp6v1,1,49.18,1,ER/Golgi
FBgn0030329,CG1837,CG1837,11,538.44,21,ER/Golgi
FBgn0011259,CG18405,Sema-1a,2,94.85,2,PM
FBgn0061355,CG18431,CG18431,1,49.78,1,PM
FBgn0033476,CG18445,CG18445,2,75.8,2,ER/Golgi
FBgn0028527,CG18507,CG18507,2,77.38,1,
FBgn0003189,CG18572,r,3,129.19,3,
FBgn0040259,CG18578,Ugt86Da,2,70.13,2,ER/Golgi
FBgn0025743,CG18582,mbt,2,74.6,2,
FBgn0028670,CG18617,Vha100-2,3,132.8,5,
FBgn0019947,CG18803,Psn,1,42.94,1,PM
FBgn0042134,CG18811,CG18811,2,127.16,2,
FBgn0039757,CG1883,RpS7,2,78.56,2,
FBgn0033424,CG1884,Not1,4,162.68,2,
FBgn0030343,CG1886,ATP7,2,79.15,2,PM
FBgn0022349,CG1910,CG1910,1,45.45,1,
FBgn0039875,CG1937,sip3,1,45.59,1,ER/Golgi
FBgn0030276,CG1938,Dlic2,1,50.37,1,
FBgn0037469,CG1939,CG1939,2,92.72,3,ER/Golgi
FBgn0004636,CG1956,R,2,108.69,3,PM
FBgn0027620,CG1966,Acf1,3,106.92,1,
FBgn0030341,CG1967,p24-1,1,42.75,3,ER/Golgi
FBgn0039909,CG1970,CG1970,2,90.27,2,mitochondrion
FBgn0003470,CG1977,alpha-Spec,34,1570.41,44,PM
FBgn0037383,CG2023,CG2023,1,48.07,2,ER/Golgi
FBgn0010198,CG2033,RpS15Aa,3,144.42,5,
FBgn0002780,CG2050,mod,4,168.47,1,
FBgn0014469,CG2060,Cyp4e2,6,257.06,4,ER/Golgi
FBgn0015034,CG2062,Cyp4e1,3,121.84,1,ER/Golgi
FBgn0033205,CG2064,CG2064,5,239.94,3,ER/Golgi
FBgn0033204,CG2065,CG2065,3,171.36,4,PM
FBgn0037328,CG2099,RpL35A,1,48.63,4,
FBgn0020653,CG2151,Trxr-1,2,89.09,2,
FBgn0025704,CG2165,CG2165,6,265.89,8,PM
FBgn0017545,CG2168,RpS3A,3,168.74,6,
FBgn0003738,CG2171,Tpi,2,71.53,2,PM
FBgn0001122,CG2204,G-oalpha47A,4,226.93,2,PM
FBgn0022893,CG2207,Df31,1,49.47,1,PM
FBgn0000150,CG2210,awd,2,99.4,3,PM
FBgn0003656,CG2212,sws,2,80.18,2,PM
FBgn0015222,CG2216,Fer1HCH,4,185.47,6,ER/Golgi
FBgn0028331,CG2221,l(1)G0289,2,76.85,2,
FBgn0000559,CG2238,Ef2b,14,609.08,18,
FBgn0010333,CG2248,Rac1,4,192.05,4,PM
FBgn0039665,CG2310,CG2310,1,44.2,2,
FBgn0024923,CG2331,TER94,6,260.22,8,PM
FBgn0026567,CG2358,Spase18-21,3,121.89,4,ER/Golgi
FBgn0030327,CG2448,FucT6,1,47.86,2,ER/Golgi
FBgn0032864,CG2493,CG2493,1,58.1,1,
FBgn0010391,CG2522,Gtp-bp,9,500.72,14,ER/Golgi
FBgn0037298,CG2604,CG2604,1,42.7,1,ER/Golgi
FBgn0003371,CG2621,sgg,2,90.38,3,
FBgn0000986,CG2637,Fs(2)Ket,1,46.16,1,
FBgn0002121,CG2671,l(2)gl,3,146.83,4,PM
FBgn0001142,CG2718,Gs1,2,104.85,3,
FBgn0024352,CG2720,Hop,4,173.2,3,
FBgn0037533,CG2791,CG2791,3,130.76,4,
FBgn0015286,CG2849,Rala,1,45.34,2,PM
FBgn0034753,CG2852,CG2852,8,384.31,53,ER/Golgi
FBgn0033241,CG2915,CG2915,4,192.59,6,ER/Golgi
FBgn0023529,CG2918,CG2918,13,612.45,22,ER/Golgi
FBgn0037346,CG2922,exba,2,83.99,2,
FBgn0037339,CG2929,Pi4KIIalpha,5,215.84,5,PM
FBgn0028665,CG2934,VhaAC39,2,76.94,3,PM
FBgn0037530,CG2943,CG2943,12,548.85,23,ER/Golgi
FBgn0000316,CG2945,cin,2,73.3,2,PM
FBgn0028342,CG2968,l(1)G0230,2,84.46,3,mitochondrion
FBgn0034936,CG2970,CG2970,3,122.86,3,
FBgn0005391,CG2979,Yp2,6,293.11,7,
FBgn0004045,CG2985,Yp1,6,314.9,10,
FBgn0015521,CG2986,oho23B,2,81.88,2,PM
FBgn0030136,CG2998,RpS28b,2,95.53,4,
FBgn0050085,CG30085,CG30085,1,48.02,1,
FBgn0029823,CG3011,CG3011,2,80.23,3,
FBgn0050193,CG30193,CG30193,3,144.28,3,
FBgn0025615,CG3024,torp4a,4,157.49,6,ER/Golgi
FBgn0050291,CG30291,CG30291,7,293.37,7,ER/Golgi
FBgn0029818,CG3033,CG3033,4,161.72,3,ER/Golgi
FBgn0050359,CG30359,CG30359,1,68.18,2,
FBgn0031645,CG3036,CG3036,1,52.23,1,PM
FBgn0050387,CG30387,CG30387,2,87.81,2,
FBgn0004646,CG3039,ogre,2,92.37,3,PM
FBgn0029913,CG3044,CG3044,1,45.76,1,
FBgn0004132,CG30498,boca,1,57.97,1,ER/Golgi
FBgn0038194,CG3050,Cyp6d5,6,253.07,7,ER/Golgi
FBgn0024947,CG3059,NTPase,2,108.78,2,ER/Golgi
FBgn0038195,CG3061,CG3061,2,114.87,3,ER/Golgi
FBgn0029804,CG3097,CG3097,1,48.52,1,
FBgn0051004,CG31004,CG31004,1,52.47,1,ER/Golgi
FBgn0039776,CG31022,PH4alphaEFB,4,164.46,4,ER/Golgi
FBgn0051120,CG31120,CG31120,5,225.51,5,ER/Golgi
FBgn0046685,CG31127,Wsck,1,44.87,1,PM
FBgn0011725,CG31137,twin,1,42.89,1,
FBgn0051152,CG31152,rumi,3,134.78,2,ER/Golgi
FBgn0051195,CG31195,CG31195,1,46.91,1,PM
FBgn0020238,CG31196,14-3-3epsilon,3,145.11,2,PM
FBgn0003075,CG3127,Pgk,4,203.96,5,
FBgn0015794,CG3129,Rab-RP4,1,52.45,1,
FBgn0031464,CG3131,Duox,1,52.29,2,ER/Golgi
FBgn0003177,CG31349,pyd,1,45.66,1,
FBgn0051363,CG31363,Jupiter,2,93.19,2,
FBgn0022708,CG3140,Adk2,2,79.99,1,mitochondrion
FBgn0051450,CG31450,mRpS18A,1,45.3,1,mitochondrion
FBgn0026761,CG3152,Trap1,4,169.67,4,
FBgn0011219,CG31605,Bsg,4,185.79,5,PM
FBgn0051617,CG31617,His1:CG31617,2,86,3,
FBgn0025683,CG3164,CG3164,1,47.55,1,
FBgn0031681,CG31651,pgant5,2,86.86,3,ER/Golgi
FBgn0034962,CG3167,MAN1,4,187.42,4,ER/Golgi
FBgn0051717,CG31717,CG31717,1,47.7,1,ER/Golgi
FBgn0051729,CG31729,CG31729,2,83.24,4,
FBgn0028539,CG31731,CG31731,2,73.29,2,PM
FBgn0051738,CG31738,CG31738,4,180.47,2,ER/Golgi
FBgn0004584,CG3178,Rrp1,1,52.52,1,
FBgn0034967,CG3186,eIF-5A,2,88.46,2,
FBgn0040070,CG31884,Trx-2,1,55.59,1,
FBgn0051915,CG31915,CG31915,2,72.47,2,ER/Golgi
FBgn0031360,CG31937,CG31937,2,84.77,4,ER/Golgi
FBgn0051938,CG31938,CG31938,2,78.38,2,
FBgn0034968,CG3195,RpL12,3,169.78,5,
FBgn0004687,CG3201,Mlc-c,1,58.59,2,
FBgn0029897,CG3203,RpL17,1,51.99,3,
FBgn0000116,CG32031,Argk,2,86.66,2,PM
FBgn0052066,CG32066,CG32066,2,71.38,1,PM
FBgn0052069,CG32069,CG32069,2,82.68,3,ER/Golgi
FBgn0034971,CG3209,CG3209,4,209.05,5,ER/Golgi
FBgn0041604,CG32146,dlp,2,103.38,2,PM
FBgn0052190,CG32190,NUCB1,3,126.84,3,ER/Golgi
FBgn0052230,CG32230,CG32230,1,50.67,2,mitochondrion
FBgn0052451,CG32451,SPoCk,3,119.57,3,ER/Golgi
FBgn0052473,CG32473,CG32473,3,128.94,3,
FBgn0052536,CG32536,CG32536,1,63.7,1,ER/Golgi
FBgn0031530,CG3254,pgant2,2,76.23,1,ER/Golgi
FBgn0024753,CG32593,Flo-2,7,348.58,6,PM
FBgn0052632,CG32632,Tango13,1,68.31,2,ER/Golgi
FBgn0027066,CG3265,Eb1,3,108.12,3,
FBgn0052675,CG32675,Tango5,2,97.06,1,ER/Golgi
FBgn0067052,CG32678,Rab9D,1,57.53,2,PM
FBgn0010338,CG32684,alpha-Man-I,1,42.37,1,ER/Golgi
FBgn0014009,CG3269,Rab2,5,271.96,8,PM
FBgn0052699,CG32699,CG32699,1,51.6,1,ER/Golgi
FBgn0028327,CG32701,l(1)G0320,1,53.54,1,ER/Golgi
FBgn0040384,CG32795,CG32795,2,82.6,2,ER/Golgi
FBgn0003447,CG32858,sn,1,48.25,1,
FBgn0053087,CG33087,CG33087,4,184.9,4,PM
FBgn0053096,CG33096,CG33096,3,112.37,4,PM
FBgn0013998,CG33101,Nsf2,9,451.33,6,
FBgn0003137,CG33103,Ppn,2,97.73,2,PM
FBgn0069242,CG33104,eca,2,92.1,3,ER/Golgi
FBgn0053113,CG33113,Rtnl1,6,243.15,11,ER/Golgi
FBgn0053129,CG33129,CG33129,9,436.05,14,ER/Golgi
FBgn0014026,CG3314,RpL7A,4,212.92,10,
FBgn0011509,CG33162,SrpRbeta,2,120.96,4,ER/Golgi
FBgn0016700,CG3320,Rab1,5,277.6,8,PM
FBgn0053214,CG33214,CG33214,5,204.31,6,ER/Golgi
FBgn0002528,CG3322,LanB2,6,256.12,7,ER/Golgi
FBgn0023174,CG3329,Prosbeta2,1,45.97,1,
FBgn0053303,CG33303,CG33303,5,239.51,13,ER/Golgi
FBgn0001075,CG3352,ft,2,96.7,2,
FBgn0053523,CG33523,CG33523,4,196.91,3,ER/Golgi
FBgn0024211,CG3359,mfas,2,76.4,2,PM
FBgn0015737,CG3373,Hmu,5,218.48,7,ER/Golgi
FBgn0034999,CG3394,CG3394,3,140.09,2,
FBgn0010408,CG3395,RpS9,2,89.02,4,
FBgn0036008,CG3408,CG3408,1,44.32,1,ER/Golgi
FBgn0030731,CG3415,CG3415,2,98.41,2,
FBgn0011327,CG3431,Uch-L3,2,95.88,2,
FBgn0028685,CG3455,Rpt4,1,51.57,1,
FBgn0000055,CG3481,Adh,1,47.98,1,
FBgn0034792,CG3499,CG3499,1,46.91,1,mitochondrion
FBgn0034791,CG3501,CG3501,1,49.64,2,ER/Golgi
FBgn0015816,CG3539,Slh,2,87.57,2,
FBgn0030733,CG3560,CG3560,1,47.89,1,
FBgn0029709,CG3564,CHOp24,3,147.31,7,ER/Golgi
FBgn0040918,CG3576,Lag1,1,53.48,1,ER/Golgi
FBgn0011211,CG3612,blw,10,575.69,21,mitochondrion
FBgn0034724,CG3624,CG3624,2,96.06,3,PM
FBgn0031245,CG3625,CG3625,1,55.94,1,ER/Golgi
FBgn0026875,CG3638,CG3638,2,109.76,1,PM
FBgn0010078,CG3661,RpL23,2,101.48,4,
FBgn0014010,CG3664,Rab5,3,155.47,4,PM
FBgn0000635,CG3665,Fas2,8,348.69,10,PM
FBgn0031590,CG3702,CG3702,1,47.9,1,ER/Golgi
FBgn0003391,CG3722,shg,8,333.29,7,PM
FBgn0004551,CG3725,Ca-P60A,18,893.37,28,ER/Golgi
FBgn0038271,CG3731,CG3731,3,188.59,5,mitochondrion
FBgn0034751,CG3751,RpS24,2,76.34,2,
FBgn0012036,CG3752,Aldh,5,236.64,6,
FBgn0022343,CG3760,CG3760,2,94,2,
FBgn0020367,CG3762,Vha68-2,5,228.96,2,PM
FBgn0031662,CG3792,CG3792,1,52.33,2,ER/Golgi
FBgn0034802,CG3800,CG3800,1,42.67,2,
FBgn0029866,CG3842,CG3842,2,110.3,5,PM
FBgn0010488,CG3845,l(2)01424,1,48.76,1,
FBgn0026708,CG3861,l(1)G0030,4,157.26,4,mitochondrion
FBgn0031670,CG3887,CG3887,1,42.32,1,ER/Golgi
FBgn0036824,CG3902,CG3902,3,119.24,2,mitochondrion
FBgn0005533,CG3922,RpS17,1,53.25,1,
FBgn0017567,CG3944,ND23,2,74,2,mitochondrion
FBgn0015393,CG3949,hoip,2,90.77,3,
FBgn0036650,CG3971,Baldspot,1,48.04,1,ER/Golgi
FBgn0036816,CG3979,Indy,2,77.43,2,PM
FBgn0020370,CG3991,TppII,14,604.56,13,
FBgn0003071,CG4001,Pfk,1,46.93,1,
FBgn0040078,CG4003,pont,2,88.74,2,
FBgn0033800,CG4016,Spt-I,2,79.42,2,ER/Golgi
FBgn0034743,CG4046,RpS16,4,196.39,6,
FBgn0002593,CG4087,RpLP1,4,178.2,8,
FBgn0028336,CG4094,l(1)G0255,3,120.14,2,mitochondrion
FBgn0038017,CG4115,CG4115,1,45.54,1,PM
FBgn0004648,CG4122,svr,7,290.29,7,ER/Golgi
FBgn0026061,CG4123,Mipp1,2,82.88,2,PM
FBgn0003285,CG4125,rst,2,113.61,2,PM
FBgn0026208,CG4143,mbf1,3,135.3,2,
FBgn0001218,CG4147,Hsc70-3,14,775.58,39,ER/Golgi
FBgn0002524,CG4162,lace,1,44.96,1,ER/Golgi
FBgn0031256,CG4164,CG4164,2,101.69,3,
FBgn0036642,CG4169,CG4169,5,222.92,3,mitochondrion
FBgn0001225,CG4183,Hsp26,1,63.33,2,
FBgn0015791,CG4212,Rab14,2,93.4,1,PM
FBgn0011708,CG4214,Syx5,2,89.66,2,ER/Golgi
FBgn0038805,CG4217,TFAM,1,47.69,2,mitochondrion
FBgn0038376,CG4225,CG4225,2,95.74,3,
FBgn0001125,CG4233,Got2,6,282.99,9,
FBgn0015567,CG4260,alpha-Adaptin,5,220.18,5,PM
FBgn0001219,CG4264,Hsc70-4,12,546.04,14,
FBgn0016691,CG4307,Oscp,4,170.49,5,mitochondrion
FBgn0010438,CG4337,mtSSB,2,107.38,2,
FBgn0036279,CG4357,Ncc69,2,71.87,2,PM
FBgn0037024,CG4365,CG4365,1,46.77,2,
FBgn0000667,CG4376,Actn,1,61.61,1,PM
FBgn0028479,CG4389,CG4389,8,368.26,10,mitochondrion
FBgn0039073,CG4408,CG4408,3,178.24,4,ER/Golgi
FBgn0016119,CG4412,ATPsyn-Cf6,1,58.38,2,mitochondrion
FBgn0010256,CG4429,Rbp2,1,67.87,2,
FBgn0010412,CG4464,RpS19a,4,201.29,8,
FBgn0001226,CG4466,Hsp27,3,143.52,4,
FBgn0026170,CG4494,smt3,1,57.87,1,
FBgn0029903,CG4532,pod1,1,48.83,1,
FBgn0027080,CG4561,Aats-tyr,3,122.45,2,
FBgn0025352,CG4581,Thiolase,2,89.23,3,
FBgn0013349,CG4584,dUTPase,2,97.42,3,PM
FBgn0029924,CG4586,CG4586,2,80.78,1,
FBgn0027108,CG4590,inx2,4,158.37,4,PM
FBgn0040064,CG4600,yip2,5,255.63,5,mitochondrion
FBgn0026616,CG4606,alpha-Man-IIb,4,164.25,3,ER/Golgi
FBgn0011272,CG4651,RpL13,5,227.54,13,
FBgn0033814,CG4670,CG4670,1,42.87,1,
FBgn0033816,CG4679,CG4679,4,149.32,3,mitochondrion
FBgn0039349,CG4685,CG4685,1,58.36,2,mitochondrion
FBgn0035032,CG4692,CG4692,2,82.91,2,mitochondrion
FBgn0011260,CG4700,Sema-2a,5,205.85,4,ER/Golgi
FBgn0038742,CG4703,Arc42,2,93.8,2,mitochondrion
FBgn0036623,CG4729,CG4729,2,76.11,3,ER/Golgi
FBgn0043456,CG4747,CG4747,2,94.09,1,
FBgn0036622,CG4753,CG4753,2,84.7,3,ER/Golgi
FBgn0011584,CG4758,Trp1,2,88.5,2,ER/Golgi
FBgn0035600,CG4769,CG4769,1,43.62,1,mitochondrion
FBgn0035602,CG4780,CG4780,1,56.54,1,ER/Golgi
FBgn0030792,CG4789,CG4789,2,110.81,3,ER/Golgi
FBgn0011823,CG4799,Pen,1,42.56,1,
FBgn0037874,CG4800,Tctp,1,48.98,1,PM
FBgn0037010,CG4825,CG4825,1,51.16,1,ER/Golgi
FBgn0030796,CG4829,CG4829,2,94.86,2,
FBgn0020910,CG4863,RpL3,3,158.56,4,
FBgn0034237,CG4878,eIF3-S9,2,76.16,2,
FBgn0005593,CG4897,RpL7,3,123.36,6,
FBgn0003721,CG4898,Tm1,1,72.14,2,PM
FBgn0032198,CG4912,eEF1delta,3,107.89,3,PM
FBgn0003274,CG4918,RpLP2,1,46.5,2,
FBgn0016701,CG4921,Rab4,5,240.4,5,PM
FBgn0038320,CG4931,Sra-1,4,166.47,4,
FBgn0026084,CG4944,cib,1,49.72,1,
FBgn0034258,CG4954,eIF3-S8,6,246.13,7,
FBgn0032217,CG4972,CG4972,2,72.6,2,ER/Golgi
FBgn0024734,CG4993,PRL-1,1,43.26,1,
FBgn0026409,CG4994,Mpcp,2,78.89,3,mitochondrion
FBgn0027948,CG5000,msps,4,209.34,4,
FBgn0011787,CG5012,mRpL12,3,128.9,4,mitochondrion
FBgn0029687,CG5014,Vap-33-1,5,227.77,7,ER/Golgi
FBgn0036579,CG5027,CG5027,1,44.15,1,ER/Golgi
FBgn0039358,CG5028,CG5028,2,96.96,1,
FBgn0031313,CG5080,CG5080,7,306.3,7,PM
FBgn0003031,CG5119,pAbp,3,150.2,6,
FBgn0038038,CG5167,CG5167,2,73.69,2,ER/Golgi
FBgn0027835,CG5170,Dp1,6,273.49,4,
FBgn0034350,CG5189,CG5189,1,47.48,1,
FBgn0038039,CG5196,CG5196,2,93.02,2,ER/Golgi
FBgn0013763,CG5210,Chit,4,155.89,5,
FBgn0037891,CG5214,CG5214,2,96.81,3,
FBgn0021764,CG5227,sdk,4,203.15,2,PM
FBgn0029148,CG5258,NHP2,1,50.05,1,
FBgn0031912,CG5261,CG5261,1,47.68,1,
FBgn0010405,CG5266,Pros25,1,44.05,1,
FBgn0036566,CG5284,CG5284,2,81.54,3,PM
FBgn0015282,CG5289,Pros26.4,2,86.47,1,
FBgn0015268,CG5330,Nap1,2,74.4,2,PM
FBgn0034925,CG5339,CG5339,1,72.54,1,PM
FBgn0032237,CG5362,CG5362,2,88.33,2,
FBgn0003676,CG5374,T-cp1,6,278.59,8,
FBgn0038950,CG5382,CG5382,3,123.93,4,ER/Golgi
FBgn0005674,CG5394,Aats-glupro,6,272.43,6,
FBgn0010235,CG5433,Klc,1,42.73,1,
FBgn0026178,CG5462,scrib,2,91.8,2,PM
FBgn0011016,CG5474,SsRbeta,2,143.18,5,ER/Golgi
FBgn0002543,CG5481,lea,2,78.79,2,PM
FBgn0034368,CG5482,CG5482,3,118.32,4,ER/Golgi
FBgn0001197,CG5499,His2Av,2,90.13,5,
FBgn0003279,CG5502,RpL4,6,280.31,8,
FBgn0039160,CG5510,CG5510,2,77.06,3,ER/Golgi
FBgn0039562,CG5520,Gp93,17,824.09,43,ER/Golgi
FBgn0032444,CG5525,CG5525,2,87.28,1,
FBgn0034902,CG5532,CG5532,1,51.97,3,ER/Golgi
FBgn0034914,CG5554,CG5554,2,104.08,4,ER/Golgi
FBgn0024234,CG5562,gbb,2,94.46,1,ER/Golgi
FBgn0003022,CG5581,Ote,6,326.04,9,
FBgn0039537,CG5590,CG5590,2,95.1,2,
FBgn0025698,CG5594,CG5594,3,111.61,2,PM
FBgn0036974,CG5605,eRF1,3,165.54,4,
FBgn0034708,CG5625,CG5625,2,85.56,1,PM
FBgn0036258,CG5642,CG5642,1,51.75,1,
FBgn0035946,CG5651,CG5651,2,73.11,1,
FBgn0022959,CG5654,yps,2,74.28,1,
FBgn0002921,CG5670,Atpalpha,15,746.43,22,PM
FBgn0030853,CG5703,CG5703,2,93.84,2,mitochondrion
FBgn0024320,CG5722,NPC1,1,59.74,1,
FBgn0035937,CG5741,CG5741,2,87.24,1,ER/Golgi
FBgn0028468,CG5760,rtet,1,54.06,1,ER/Golgi
FBgn0015790,CG5771,Rab11,5,241.93,7,PM
FBgn0039207,CG5789,CG5789,2,86.65,2,PM
FBgn0038863,CG5802,CG5802,1,44.19,1,ER/Golgi
FBgn0000636,CG5803,Fas3,5,202.69,6,PM
FBgn0025678,CG5809,CaBP1,5,256.4,12,ER/Golgi
FBgn0013272,CG5820,Gp150,2,99.8,3,PM
FBgn0038519,CG5826,Prx5037,3,144.15,5,mitochondrion
FBgn0011771,CG5837,Hem,4,167.83,4,
FBgn0039125,CG5857,CG5857,4,213.88,4,ER/Golgi
FBgn0038868,CG5862,CG5862,3,138.27,5,ER/Golgi
FBgn0039132,CG5864,AP-1sigma,1,43.55,1,
FBgn0003471,CG5870,beta-Spec,15,619.95,16,PM
FBgn0028375,CG5876,heix,1,75.28,3,ER/Golgi
FBgn0015795,CG5915,Rab7,3,139.28,5,PM
FBgn0004867,CG5920,sop,4,200.24,3,
FBgn0036211,CG5946,CG5946,2,80.15,2,ER/Golgi
FBgn0031781,CG5972,Arc-p20,2,75.61,2,
FBgn0036752,CG5992,Adgf-A,2,82.4,2,
FBgn0036555,CG6017,CG6017,1,49.73,1,
FBgn0016120,CG6030,ATPsyn-d,3,124.7,3,mitochondrion
FBgn0036198,CG6038,CG6038,1,49.33,2,PM
FBgn0038349,CG6045,CG6045,1,46.63,1,
FBgn0024556,CG6050,EfTuM,1,45.66,2,mitochondrion
FBgn0000064,CG6058,Ald,3,113.89,2,
FBgn0036182,CG6084,CG6084,2,73.07,2,PM
FBgn0027865,CG6120,Tsp96F,1,54.41,2,PM
FBgn0015756,CG6141,RpL9,2,86.98,2,
FBgn0004401,CG6143,Pep,2,68.63,1,
FBgn0014877,CG6155,Roe1,2,83.37,1,mitochondrion
FBgn0036155,CG6163,CG6163,1,42.53,1,
FBgn0039156,CG6178,CG6178,2,79.13,2,
FBgn0032340,CG6181,CG6181,2,76.95,2,
FBgn0022355,CG6186,Tsf1,5,229.94,5,PM
FBgn0036147,CG6199,CG6199,5,199.6,5,
FBgn0019925,CG6202,Surf4,1,57.1,1,ER/Golgi
FBgn0028734,CG6203,Fmr1,5,254.63,5,
FBgn0027611,CG6206,CG6206,4,182.61,4,
FBgn0036141,CG6210,srt,3,123.41,3,ER/Golgi
FBgn0032456,CG6214,MRP,6,275.59,8,PM
FBgn0013269,CG6226,FK506-bp1,3,152.44,4,
FBgn0027582,CG6230,CG6230,10,440.02,11,ER/Golgi
FBgn0017579,CG6253,RpL14,3,175.7,10,
FBgn0032350,CG6287,CG6287,3,137.62,4,PM
FBgn0036735,CG6311,CG6311,1,53.39,1,
FBgn0028737,CG6341,Ef1beta,3,152.24,5,PM
FBgn0019957,CG6343,ND42,1,46.95,1,mitochondrion
FBgn0034277,CG6370,CG6370,5,250.09,7,ER/Golgi
FBgn0030930,CG6394,GalNAc-T2,2,101.26,3,ER/Golgi
FBgn0032646,CG6412,CG6412,1,45.77,2,mitochondrion
FBgn0029688,CG6450,lva,2,73.27,2,
FBgn0032643,CG6453,CG6453,7,316.03,8,ER/Golgi
FBgn0019960,CG6455,CG6455,4,188.99,3,mitochondrion
FBgn0034259,CG6459,CG6459,3,155.65,4,mitochondrion
FBgn0036710,CG6479,CG6479,1,48.88,1,ER/Golgi
FBgn0010409,CG6510,RpL18A,5,237.31,11,
FBgn0036702,CG6512,CG6512,3,119.83,3,mitochondrion
FBgn0033879,CG6543,CG6543,5,247.55,10,mitochondrion
FBgn0034214,CG6550,CG6550,1,47.77,1,ER/Golgi
FBgn0000634,CG6588,Fas1,7,289.17,9,PM
FBgn0015797,CG6601,Rab6,3,155.5,2,PM
FBgn0026418,CG6603,Hsc70Cb,1,72.94,1,PM
FBgn0004363,CG6647,porin,6,283.08,13,mitochondrion
FBgn0039213,CG6668,atl,4,206.87,6,ER/Golgi
FBgn0032292,CG6750,CG6750,1,45.23,1,ER/Golgi
FBgn0032398,CG6766,CG6766,1,42.74,1,ER/Golgi
FBgn0027088,CG6778,Aats-gly,1,64.26,1,
FBgn0002622,CG6779,RpS3,6,293.86,8,
FBgn0037912,CG6782,CG6782,3,115.22,4,
FBgn0040237,CG6815,bor,1,47.2,1,mitochondrion
FBgn0026207,CG6819,mbo,2,76.47,1,
FBgn0035909,CG6822,ergic53,6,294.03,10,ER/Golgi
FBgn0013997,CG6827,Nrx-IV,5,197.55,5,PM
FBgn0020254,CG6831,rhea,9,395.72,9,
FBgn0036825,CG6846,RpL26,4,176.2,6,
FBgn0014075,CG6850,Ugt,12,554.44,17,ER/Golgi
FBgn0036484,CG6859,CG6859,1,43.26,1,
FBgn0000261,CG6871,Cat,2,75.57,1,
FBgn0002525,CG6944,Lam,10,482.28,10,
FBgn0039004,CG6958,CG6958,1,43.15,1,
FBgn0011253,CG6963,gish,1,42.93,1,
FBgn0037960,CG6965,mthl5,1,42.68,1,
FBgn0040284,CG6987,SF2,1,47.13,2,
FBgn0014002,CG6988,Pdi,17,883.11,65,ER/Golgi
FBgn0035121,CG7008,Tudor-SN,8,415.69,10,
FBgn0028325,CG7010,l(1)G0334,2,95.26,3,mitochondrion
FBgn0039234,CG7012,nct,2,95.76,3,PM
FBgn0027095,CG7013,ARP-like,3,127.37,6,ER/Golgi
FBgn0038277,CG7014,RpS5b,3,121.39,3,
FBgn0030086,CG7033,CG7033,4,172.29,3,
FBgn0003178,CG7070,PyK,3,129.79,7,
FBgn0038947,CG7073,sar1,2,122.38,5,
FBgn0001090,CG7088,bnb,8,408.27,8,PM
FBgn0015609,CG7100,CadN,3,116.14,4,PM
FBgn0020618,CG7111,Rack1,5,199.59,7,
FBgn0021765,CG7113,scu,5,268.08,6,mitochondrion
FBgn0002527,CG7123,LanB1,4,184.22,5,ER/Golgi
FBgn0001248,CG7176,Idh,1,42.37,2,
FBgn0004003,CG7225,wbl,4,155.2,5,ER/Golgi
FBgn0000565,CG7266,Eip71CD,1,46.67,1,ER/Golgi
FBgn0036213,CG7283,RpL10Ab,4,184.53,8,
FBgn0031379,CG7289,CG7289,1,67.71,1,
FBgn0040493,CG7340,granny-smith,2,104.53,2,
FBgn0025617,CG7359,CG7359,5,209.14,6,ER/Golgi
FBgn0038722,CG7360,Nup58,3,123.56,4,
FBgn0028541,CG7364,CG7364,2,77.75,2,ER/Golgi
FBgn0021953,CG7400,Fatp,3,124.22,3,ER/Golgi
FBgn0037580,CG7415,DppIII,2,70.38,1,
FBgn0036762,CG7430,CG7430,1,52.69,1,
FBgn0036927,CG7433,CG7433,3,159.99,3,mitochondrion
FBgn0015288,CG7434,RpL22,2,106.82,3,
FBgn0020392,CG7436,Nmt,4,190.95,5,
FBgn0014362,CG7437,mub,1,49.06,1,
FBgn0011673,CG7438,Myo31DF,1,49.55,1,PM
FBgn0034432,CG7461,CG7461,3,112.86,2,mitochondrion
FBgn0017645,CG7462,Ank2,3,126.92,4,PM
FBgn0037573,CG7483,eIF4AIII,2,80.99,1,
FBgn0036745,CG7484,CG7484,4,150.26,4,ER/Golgi
FBgn0000100,CG7490,RpLP0,6,337.9,12,
FBgn0010349,CG7507,Dhc64C,11,444.28,9,
FBgn0038533,CG7523,CG7523,3,126.14,3,
FBgn0003501,CG7524,Src64B,4,193.5,3,PM
FBgn0035793,CG7546,CG7546,2,90.97,2,
FBgn0030990,CG7556,CG7556,2,98.81,2,ER/Golgi
FBgn0012051,CG7563,CalpA,2,70.47,2,
FBgn0036728,CG7580,CG7580,1,51.61,1,mitochondrion
FBgn0020496,CG7583,CtBP,1,51.91,1,
FBgn0020240,CG7586,Mcr,12,547.57,15,PM
FBgn0015283,CG7619,Pros54,1,45.47,1,
FBgn0002579,CG7622,RpL36,1,42.14,2,
FBgn0032026,CG7627,CG7627,6,264.86,7,PM
FBgn0036928,CG7654,Tom20,1,58.69,1,mitochondrion
FBgn0038538,CG7660,pxt,4,171.08,5,PM
FBgn0038610,CG7675,CG7675,2,94.83,2,
FBgn0044871,CG7700,Gos28,1,42.91,1,
FBgn0013325,CG7726,RpL11,3,120.21,4,
FBgn0036509,CG7739,CG7739,1,45.37,1,
FBgn0026189,CG7740,prominin-like,1,59.93,1,ER/Golgi
FBgn0028695,CG7762,Rpn1,2,83.6,1,
FBgn0001308,CG7765,Khc,3,122.72,3,
FBgn0039704,CG7802,CG7802,1,50.22,1,
FBgn0039713,CG7808,RpS8,4,220.44,7,
FBgn0032015,CG7830,CG7830,3,144.6,6,ER/Golgi
FBgn0039697,CG7834,CG7834,6,251.96,5,
FBgn0032012,CG7870,CG7870,2,78.26,2,ER/Golgi
FBgn0030658,CG7872,CG7872,1,42.77,1,ER/Golgi
FBgn0004603,CG7873,Src42A,4,155.18,5,PM
FBgn0033039,CG7897,gp210,14,646.61,16,
FBgn0042693,CG7913,PP2A-B',1,43.07,1,PM
FBgn0016685,CG7917,Nlp,2,83.96,3,
FBgn0039737,CG7920,CG7920,5,216.9,4,mitochondrion
FBgn0002626,CG7939,RpL32,2,83.41,4,
FBgn0025725,CG7961,alphaCop,3,142.22,3,
FBgn0010350,CG7962,CdsA,1,48.64,2,ER/Golgi
FBgn0026372,CG7977,RpL23A,3,149.68,8,
FBgn0034117,CG7997,CG7997,2,75.63,1,
FBgn0038587,CG7998,CG7998,7,404.83,11,mitochondrion
FBgn0015477,CG8014,Rme-8,4,155.25,4,PM
FBgn0037607,CG8036,CG8036,2,92.07,2,
FBgn0027554,CG8042,CG8042,4,178.05,5,ER/Golgi
FBgn0020611,CG8048,Vha44,2,96.58,4,
FBgn0033382,CG8058,CG8058,1,48.09,1,ER/Golgi
FBgn0028469,CG8062,CG8062,1,48.55,1,PM
FBgn0003328,CG8095,scb,2,76.71,2,PM
FBgn0037689,CG8135,CG8135,1,47.63,1,
FBgn0019644,CG8189,ATPsyn-b,3,155.52,4,mitochondrion
FBgn0024754,CG8200,Flo,4,178.58,4,PM
FBgn0026193,CG8201,par-1,1,52.55,1,
FBgn0037711,CG8228,CG8228,4,146.65,3,
FBgn0027329,CG8231,l(1)G0022,7,341.9,9,
FBgn0033342,CG8258,CG8258,5,211.81,5,PM
FBgn0004921,CG8261,Ggamma1,1,52.32,2,PM
FBgn0000556,CG8280,Ef1alpha48D,6,312.09,19,
FBgn0037718,CG8286,P58IPK,2,98.65,3,ER/Golgi
FBgn0030854,CG8289,CG8289,1,43.27,1,
FBgn0034142,CG8306,CG8306,2,92.06,2,ER/Golgi
FBgn0004236,CG8308,alphaTub67C,2,94.04,2,PM
FBgn0033902,CG8309,Tango7,3,133.31,3,
FBgn0020236,CG8322,ATPCL,4,180.84,4,
FBgn0033906,CG8331,CG8331,2,85.32,3,ER/Golgi
FBgn0010339,CG8340,128up,2,86.5,1,
FBgn0037632,CG8351,CG8351,4,210.26,6,
FBgn0003425,CG8355,sli,1,43.22,1,PM
FBgn0034060,CG8370,CG8370,3,125.71,3,ER/Golgi
FBgn0010348,CG8385,Arf79F,1,44.13,1,PM
FBgn0034066,CG8397,CG8397,1,42.95,1,ER/Golgi
FBgn0014020,CG8416,Rho1,3,147.38,4,PM
FBgn0023167,CG8427,SmD3,1,44.44,1,
FBgn0010621,CG8439,Cct5,2,77.29,3,
FBgn0034087,CG8443,CG8443,3,112.42,3,
FBgn0031996,CG8460,CG8460,3,118.48,2,ER/Golgi
FBgn0028343,CG8465,l(1)G0222,4,186.33,5,ER/Golgi
FBgn0033914,CG8479,CG8479,2,82.3,2,mitochondrion
FBgn0031993,CG8486,CG8486,3,176.09,4,PM
FBgn0037756,CG8507,CG8507,4,185.59,6,ER/Golgi
FBgn0001220,CG8542,Hsc70-5,5,253.13,6,mitochondrion
FBgn0011592,CG8581,fra,2,83.16,3,PM
FBgn0035771,CG8583,sec63,5,223.69,8,ER/Golgi
FBgn0011640,CG8597,lark,1,50.02,1,
FBgn0035762,CG8605,CG8605,1,42.53,1,
FBgn0035753,CG8615,RpL18,2,108.56,4,
FBgn0033317,CG8635,CG8635,3,164.02,3,
FBgn0013726,CG8705,pnut,2,69.96,2,
FBgn0020279,CG8715,lig,3,144.32,2,
FBgn0033235,CG8728,CG8728,3,114.82,2,mitochondrion
FBgn0010609,CG8732,l(2)44DEa,9,419.07,11,
FBgn0033309,CG8735,CG8735,3,131.62,3,ER/Golgi
FBgn0017565,CG8759,Nacalpha,1,50.56,2,
FBgn0016078,CG8804,wun,1,43.65,1,PM
FBgn0033717,CG8839,CG8839,3,154.06,5,ER/Golgi
FBgn0033699,CG8857,RpS11,2,82.39,3,
FBgn0038145,CG8863,CG8863,1,43.04,2,
FBgn0033688,CG8877,prp8,2,82.29,2,
FBgn0015834,CG8882,Trip1,2,94.04,3,
FBgn0001092,CG8893,Gapdh2,5,232.52,1,
FBgn0010411,CG8900,RpS18,4,171.17,6,
FBgn0028967,CG8947,26-29-p,3,151.73,6,
FBgn0004839,CG8967,otk,7,316.06,7,PM
FBgn0015019,CG8977,Cctgamma,5,221.6,4,
FBgn0033663,CG8983,ERp60,13,672.35,42,ER/Golgi
FBgn0010516,CG8996,wal,2,88.16,3,
FBgn0034176,CG9000,CG9000,2,104.09,6,ER/Golgi
FBgn0000319,CG9012,Chc,11,466.38,12,
FBgn0014868,CG9022,Ost48,5,268.16,10,ER/Golgi
FBgn0033631,CG9027,CG9027,1,43.32,1,PM
FBgn0021795,CG9035,Tapdelta,3,155.69,9,ER/Golgi
FBgn0001128,CG9042,Gpdh,1,47.41,1,
FBgn0030703,CG9066,CG9066,2,91.54,2,ER/Golgi
FBgn0001942,CG9075,eIF-4a,2,79.14,2,
FBgn0030805,CG9089,wus,1,60.87,1,ER/Golgi
FBgn0030616,CG9091,RpL37a,1,46.84,2,
FBgn0022023,CG9124,eIF-3p40,2,84.99,2,
FBgn0045073,CG9126,Stim,3,118,4,ER/Golgi
FBgn0035195,CG9128,Sac1,6,275.9,7,ER/Golgi
FBgn0030791,CG9132,CG9132,1,45.41,1,PM
FBgn0031879,CG9138,SP1070,5,218.49,4,PM
FBgn0025682,CG9148,scf,4,183.53,6,ER/Golgi
FBgn0028419,CG9159,Kr-h2,1,64.84,1,ER/Golgi
FBgn0031779,CG9175,CG9175,3,145.85,3,ER/Golgi
FBgn0003138,CG9181,Ptp61F,2,87.58,2,ER/Golgi
FBgn0035208,CG9184,CG9184,2,93.44,2,
FBgn0035206,CG9186,CG9186,4,168.79,3,ER/Golgi
FBgn0005655,CG9193,mus209,2,78.67,2,
FBgn0040285,CG9195,Scamp,1,50.98,2,PM
FBgn0036887,CG9231,CG9231,1,51.8,1,mitochondrion
FBgn0010100,CG9244,Acon,3,141.99,3,mitochondrion
FBgn0032916,CG9257,CG9257,3,130.13,4,ER/Golgi
FBgn0015776,CG9258,nrv1,2,93.05,4,PM
FBgn0015777,CG9261,nrv2,2,82.86,2,PM
FBgn0032906,CG9273,CG9273,2,69.65,2,
FBgn0003887,CG9277,betaTub56D,6,231.06,4,
FBgn0030672,CG9281,CG9281,5,215.96,8,
FBgn0032518,CG9282,RpL24,3,172.96,23,
FBgn0000454,CG9285,Dip-B,1,48.15,1,
FBgn0032514,CG9302,CG9302,5,241.85,7,ER/Golgi
FBgn0004873,CG9325,hts,2,84.29,2,PM
FBgn0032885,CG9326,CG9326,3,120.7,3,
FBgn0003150,CG9327,Pros29,2,80.63,2,
FBgn0032904,CG9342,Mtp,11,545.04,15,ER/Golgi
FBgn0037701,CG9373,CG9373,3,134.29,3,
FBgn0003205,CG9375,Ras85D,2,94.09,4,PM
FBgn0015778,CG9412,rin,4,164.5,4,
FBgn0037719,CG9424,bocksbeutel,1,43.02,1,ER/Golgi
FBgn0005585,CG9429,Crc,3,135.2,5,ER/Golgi
FBgn0028401,CG9474,Snap24,1,49.67,1,PM
FBgn0032078,CG9520,CG9520,1,55.05,1,ER/Golgi
FBgn0031815,CG9526,CG9526,1,47.67,2,
FBgn0026571,CG9539,Sec61alpha,3,143.42,7,ER/Golgi
FBgn0031090,CG9575,Rab35,3,140.03,3,PM
FBgn0031092,CG9577,CG9577,1,50.16,1,
FBgn0040529,CG9603,CG9603,1,58.66,2,mitochondrion
FBgn0003089,CG9614,pip,2,111.25,2,
FBgn0010173,CG9633,RpA-70,3,144.36,4,
FBgn0027528,CG9634,CG9634,2,93.53,2,
FBgn0025582,CG9677,Int6,2,94.94,3,
FBgn0004556,CG9680,Dbp73D,1,60.8,2,
FBgn0004108,CG9704,Nrt,10,486.91,15,PM
FBgn0036661,CG9705,CG9705,1,42.5,1,
FBgn0030768,CG9723,CG9723,1,43.67,1,ER/Golgi
FBgn0016797,CG9739,fz2,1,49.97,1,PM
FBgn0000171,CG9748,bel,4,213.72,3,
FBgn0040075,CG9750,rept,2,84.78,2,
FBgn0027570,CG9761,Nep2,2,102.61,3,PM
FBgn0011455,CG9762,l(3)neo18,1,53.21,1,mitochondrion
FBgn0038149,CG9796,CG9796,4,191.38,5,PM
FBgn0037249,CG9805,eIF3-S10,5,207.88,5,
FBgn0010470,CG9847,Fkbp13,2,72.35,2,ER/Golgi
FBgn0003062,CG9888,Fib,2,74.75,2,
FBgn0030734,CG9911,CG9911,7,312.16,7,ER/Golgi
FBgn0004432,CG9916,Cyp1,2,97.93,2,
FBgn0004925,CG9946,eIF-2alpha,2,84.71,2,
FBgn0035726,CG9953,CG9953,1,43.84,1,
FBgn0001215,CG9983,Hrb98DE,1,56.21,1,
