ProteinID,FBgn,FlybaseSymbol,NoPeptideIDs,MascotScore,NoPeptidesQuantified,PLSDA
CG10060,FBgn0001104,G-ialpha65A,3,179.86,1,PM
CG10067,FBgn0000044,Act57B,5,222.4,9,PM
CG10077,FBgn0035720,CG10077,5,219.65,3,
CG10079,FBgn0003731,Egfr,2,86.39,2,PM
CG10106,FBgn0029506,Tsp42Ee,1,52.1,1,
CG10130,FBgn0010638,Sec61beta,2,79.9,3,ER/Golgi
CG10149,FBgn0028689,Rpn6,1,44.84,1,
CG10158,FBgn0031871,CG10158,2,80.05,2,
CG10161,FBgn0040227,eIF-3p66,2,81.94,2,
CG10166,FBgn0032799,CG10166,2,78.31,2,ER/Golgi
CG1021,FBgn0037443,CG1021,2,86.18,2,ER/Golgi
CG10221,FBgn0028475,CG10221,3,136.46,5,ER/Golgi
CG10223,FBgn0003732,Top2,12,573.73,8,
CG10230,FBgn0028691,Rpn9,2,84.8,2,
CG10236,FBgn0002526,LanA,12,569.67,13,
CG10240,FBgn0013773,Cyp6a22,3,123.83,4,ER/Golgi
CG10248,FBgn0013772,Cyp6a8,4,218.39,6,ER/Golgi
CG10255,FBgn0033984,Lap1,1,54.43,1,PM
CG10279,FBgn0003261,Rm62,5,209.13,3,
CG10293,FBgn0017397,how,1,52.46,1,
CG10302,FBgn0032679,bsf,4,168.01,3,mitochondrion
CG10370,FBgn0028684,Tbp-1,2,86.62,2,
CG10372,FBgn0025608,Faf,5,244.82,5,ER/Golgi
CG10373,FBgn0032704,CG10373,1,57.61,2,ER/Golgi
CG10413,FBgn0032689,CG10413,3,153.14,3,
CG10420,FBgn0039296,CG10420,3,136.81,4,ER/Golgi
CG10425,FBgn0039304,CG10425,2,125.27,2,ER/Golgi
CG10470,FBgn0032746,CG10470,1,42.86,1,ER/Golgi
CG10506,FBgn0027090,Aats-gln,2,86.1,2,
CG10527,FBgn0034583,CG10527,1,59.74,1,PM
CG10545,FBgn0001105,Gbeta13F,2,139.79,2,PM
CG10565,FBgn0037051,CG10565,1,55.57,1,
CG10576,FBgn0035630,CG10576,5,261.27,7,
CG1059,FBgn0011341,Karybeta3,2,85.55,1,
CG10593,FBgn0016122,Acer,2,84.42,3,ER/Golgi
CG10602,FBgn0032721,CG10602,2,80.8,2,
CG10616,FBgn0036286,CG10616,4,186.69,5,ER/Golgi
CG10620,FBgn0036299,Tsf2,6,252.85,6,PM
CG10624,FBgn0010894,sinu,1,43.51,1,
CG1065,FBgn0004888,Scsalpha,2,108.11,2,mitochondrion
CG10652,FBgn0015745,RpL30,2,86.17,6,
CG10672,FBgn0035588,CG10672,2,81.53,1,
CG10686,FBgn0041775,tral,4,168.3,3,
CG10691,FBgn0002031,l(2)37Cc,6,307.02,9,mitochondrion
CG10701,FBgn0011661,Moe,3,120.78,3,
CG10737,FBgn0034420,CG10737,1,43.38,1,ER/Golgi
CG10777,FBgn0029979,CG10777,3,130.88,1,
CG10811,FBgn0023213,eIF-4G,5,220.22,4,mitochondrion
CG1084,FBgn0037240,Cont,4,168.67,5,PM
CG10849,FBgn0035471,Sc2,2,97.51,2,ER/Golgi
CG1088,FBgn0015324,Vha26,4,181.97,4,PM
CG10882,FBgn0031408,CG10882,2,83.13,1,
CG1091,FBgn0037470,CG1091,1,49.58,1,mitochondrion
CG10932,FBgn0029969,CG10932,2,90.29,2,mitochondrion
CG10938,FBgn0016697,ProsMA5,1,51.88,2,
CG10939,FBgn0010620,Sip1,1,42.76,1,
CG10944,FBgn0004922,RpS6,3,118.99,4,
CG10960,FBgn0036316,CG10960,2,98.11,2,PM
CG10975,FBgn0014007,Ptp69D,2,76.5,2,PM
CG10978,FBgn0037374,jagn,1,50.35,1,ER/Golgi
CG1100,FBgn0028690,Rpn5,1,45.54,1,
CG11001,FBgn0013954,FK506-bp2,2,84.18,2,PM
CG1101,FBgn0010774,Aly,2,100.65,3,
CG11015,FBgn0031830,CG11015,1,51.51,1,mitochondrion
CG1104,FBgn0037467,CG1104,7,290.87,6,ER/Golgi
CG11051,FBgn0040813,Nplp2,2,77.04,3,PM
CG11059,FBgn0039928,cals,3,111.87,3,PM
CG11064,FBgn0016724,RfaBp,26,1195,34,
CG11081,FBgn0025741,plexA,10,451.22,14,PM
CG11098,FBgn0031842,Tango1,6,256.26,6,ER/Golgi
CG11129,FBgn0004047,Yp3,7,329.92,12,
CG11137,FBgn0037199,CG11137,2,92.12,3,ER/Golgi
CG11140,FBgn0010548,Aldh-III,5,242.12,8,ER/Golgi
CG11154,FBgn0010217,ATPsyn-beta,8,448.2,16,mitochondrion
CG11200,FBgn0034500,CG11200,4,169.94,3,
CG11208,FBgn0034488,CG11208,2,79.6,2,
CG11267,FBgn0036334,CG11267,2,105.86,3,
CG11271,FBgn0014027,RpS12,1,51.92,2,
CG11276,FBgn0011284,RpS4,5,198.59,5,
CG11280,FBgn0010452,trn,2,68.21,2,PM
CG11377,FBgn0031217,CG11377,3,116.1,4,ER/Golgi
CG11436,FBgn0029713,CG11436,3,131.02,2,
CG11471,FBgn0027086,Aats-ile,6,270.05,8,
CG1151,FBgn0027527,Osi6,3,141.96,3,ER/Golgi
CG11522,FBgn0039857,RpL6,5,230.51,11,
CG1153,FBgn0037414,Osi7,3,142.77,2,PM
CG11561,FBgn0003444,smo,2,75.33,2,PM
CG11567,FBgn0015623,Cpr,6,257.23,7,ER/Golgi
CG11577,FBgn0036847,CG11577,2,91.29,3,ER/Golgi
CG11579,FBgn0000117,arm,5,229.36,8,PM
CG1161,FBgn0037313,CG1161,2,100.04,3,PM
CG11642,FBgn0040340,TRAM,1,50.58,1,ER/Golgi
CG11665,FBgn0033028,CG11665,1,48.14,1,PM
CG11771,FBgn0039252,CG11771,2,74.59,2,
CG11781,FBgn0039259,CG11781,1,70.7,1,ER/Golgi
CG11785,FBgn0045866,bai,3,192.48,10,ER/Golgi
CG11790,FBgn0039265,CG11790,2,98.16,2,ER/Golgi
CG11793,FBgn0003462,Sod,2,96.96,2,
CG11840,FBgn0031260,Spp,2,95.14,2,ER/Golgi
CG11851,FBgn0039293,CG11851,1,44.65,1,ER/Golgi
CG11856,FBgn0039302,Nup358,2,84.31,2,
CG11857,FBgn0039303,CG11857,2,142.71,4,
CG11876,FBgn0039635,CG11876,2,83.08,2,
CG11888,FBgn0028692,Rpn2,3,138.47,4,
CG11897,FBgn0039644,CG11897,1,46.12,2,
CG11901,FBgn0029176,Ef1gamma,5,210.78,7,
CG11949,FBgn0010434,cora,11,559.67,10,
CG11958,FBgn0015622,Cnx99A,4,208.49,6,ER/Golgi
CG11963,FBgn0037643,CG11963,3,118.97,2,
CG11980,FBgn0037652,CG11980,1,44.2,1,
CG11989,FBgn0036064,Ard1,1,42.61,1,
CG11999,FBgn0037312,CG11999,4,161.85,6,ER/Golgi
CG12008,FBgn0004167,kst,7,306.08,8,
CG12011,FBgn0035257,CG12011,2,115.96,4,ER/Golgi
CG12013,FBgn0035438,PHGPx,3,142.73,5,ER/Golgi
CG12019,FBgn0011573,Cdc37,1,44.29,1,PM
CG12055,FBgn0001091,Gapdh1,5,229.96,2,
CG12056,FBgn0030099,CG12056,1,43.88,1,ER/Golgi
CG12063,FBgn0039851,CG12063,1,42.52,1,
CG12070,FBgn0000416,Sap-r,2,82.74,6,
CG12101,FBgn0015245,Hsp60,12,559.09,17,mitochondrion
CG12108,FBgn0030057,Ppt1,2,101.22,2,
CG12139,FBgn0030130,CG12139,15,624.18,17,PM
CG12140,FBgn0033465,CG12140,3,137.58,3,
CG12156,FBgn0029959,Rab39,2,94.93,1,
CG12157,FBgn0016041,Tom40,4,168.61,4,mitochondrion
CG12172,FBgn0024294,Spn43Aa,2,81.11,2,PM
CG12202,FBgn0031020,Nat1,5,214.51,6,
CG12210,FBgn0003660,Syb,2,125.88,4,PM
CG12233,FBgn0027291,l(1)G0156,5,209.89,5,mitochondrion
CG12262,FBgn0035811,CG12262,6,269.41,11,mitochondrion
CG12264,FBgn0032393,CG12264,1,45.46,1,
CG12317,FBgn0028425,JhI-21,1,57.82,2,PM
CG12369,FBgn0010238,Lac,3,154.98,4,PM
CG1242,FBgn0001233,Hsp83,6,313.34,11,PM
CG1249,FBgn0037434,CG1249,2,83.47,1,
CG1250,FBgn0037357,sec23,1,44.21,1,
CG12530,FBgn0010341,Cdc42,2,121.1,1,PM
CG12532,FBgn0010380,Bap,3,131.78,3,
CG1263,FBgn0024939,RpL8,2,96.83,6,
CG12676,FBgn0000547,ed,7,307.14,8,PM
CG1274,FBgn0040308,Jafrac2,2,86.37,3,ER/Golgi
CG12740,FBgn0035422,RpL28,5,224.7,5,
CG12749,FBgn0004237,Hrb87F,1,81.07,1,
CG12773,FBgn0024365,CG12773,2,86.24,2,PM
CG12775,FBgn0032987,RpL21,1,52.53,3,
CG12891,FBgn0027842,CPTI,3,118.25,2,ER/Golgi
CG12908,FBgn0026403,Ndg,4,193.2,4,PM
CG1291,FBgn0035401,CG1291,1,56.78,1,ER/Golgi
CG12918,FBgn0033477,CG12918,4,184.76,6,ER/Golgi
CG12921,FBgn0033480,mRpL42,1,57.88,1,mitochondrion
CG12945,FBgn0037755,CG12945,3,130.23,4,ER/Golgi
CG1307,FBgn0026566,CG1307,3,128.61,3,ER/Golgi
CG1309,FBgn0035519,CG1309,4,174.93,4,ER/Golgi
CG13096,FBgn0032050,CG13096,3,135.75,1,
CG1311,FBgn0035523,CG1311,3,120.5,3,PM
CG13126,FBgn0032168,CG13126,1,51.76,1,mitochondrion
CG13345,FBgn0033881,RacGAP50C,1,45.35,2,
CG13364,FBgn0026879,CG13364,1,49.28,1,
CG13388,FBgn0027932,Akap200,8,366.5,10,PM
CG13389,FBgn0010265,RpS13,2,81.46,3,
CG13393,FBgn0032035,CG13393,3,144.86,6,ER/Golgi
CG1341,FBgn0028687,Rpt1,5,216.56,5,
CG13425,FBgn0015907,bl,3,154.02,3,
CG13551,FBgn0040660,CG13551,1,76.53,1,mitochondrion
CG13630,FBgn0039219,CG13630,1,56.44,1,
CG1371,FBgn0033482,CG1371,11,584.3,13,ER/Golgi
CG1372,FBgn0004649,yl,5,233.23,6,
CG13822,FBgn0039098,CG13822,1,56.76,1,
CG13849,FBgn0038964,Nop56,1,54.58,1,
CG13887,FBgn0035165,CG13887,2,109.57,2,ER/Golgi
CG13907,FBgn0035173,CG13907,4,159.41,4,
CG14028,FBgn0015031,cype,2,117.7,3,mitochondrion
CG1403,FBgn0011710,Sep1,2,85.87,2,
CG1404,FBgn0020255,ran,3,142.63,4,
CG14084,FBgn0036855,CG14084,1,49.17,1,ER/Golgi
CG14100,FBgn0036889,CG14100,1,45.9,1,
CG14181,FBgn0035965,Use1,3,150.16,2,ER/Golgi
CG14206,FBgn0031035,RpS10b,1,45.71,1,
CG14291,FBgn0038660,CG14291,1,51.66,1,
CG14309,FBgn0038611,CG14309,1,54.16,1,
CG1440,FBgn0030038,CG1440,4,150.9,4,
CG14476,FBgn0027588,CG14476,9,454.47,20,ER/Golgi
CG14482,FBgn0034245,CG14482,1,43.11,1,mitochondrion
CG1458,FBgn0062442,CG1458,2,94.55,3,
CG14622,FBgn0025641,DAAM,2,88.96,2,PM
CG14648,FBgn0037245,CG14648,7,329.51,9,
CG14650,FBgn0037252,CG14650,2,101.03,2,ER/Golgi
CG1467,FBgn0031106,Syx16,1,46.18,1,ER/Golgi
CG14671,FBgn0037340,CG14671,2,97.99,4,ER/Golgi
CG1469,FBgn0015221,Fer2LCH,3,147.99,6,ER/Golgi
CG14715,FBgn0037930,CG14715,4,207.5,5,
CG14724,FBgn0019624,CoVa,4,160.18,3,mitochondrion
CG14764,FBgn0033236,CG14764,1,42.87,1,
CG14792,FBgn0003517,sta,4,171.36,5,PM
CG14812,FBgn0026090,CG14812,2,118.93,1,
CG14813,FBgn0028969,deltaCOP,2,89.88,1,
CG1483,FBgn0002645,Map205,2,81.02,2,
CG14883,FBgn0038432,CG14883,3,118.5,2,ER/Golgi
CG14939,FBgn0032378,CG14939,1,45.48,1,PM
CG14969,FBgn0035440,CG14969,1,53.07,2,
CG14977,FBgn0035469,CG14977,1,42.95,1,
CG14996,FBgn0035499,Chd64,2,95.67,1,
CG14999,FBgn0015287,RfC40,1,51.22,1,
CG15081,FBgn0010551,l(2)03709,5,255.83,6,mitochondrion
CG15092,FBgn0034388,CG15092,2,81.81,4,PM
CG15100,FBgn0034401,CG15100,2,108.47,1,
CG15102,FBgn0034405,Jheh2,1,51.05,2,ER/Golgi
CG15106,FBgn0034406,Jheh3,2,93,2,ER/Golgi
CG1515,FBgn0026664,l(1)G0155,2,71.19,2,PM
CG1516,FBgn0027580,CG1516,6,280.11,7,
CG1518,FBgn0031149,CG1518,2,96.95,3,ER/Golgi
CG1519,FBgn0023175,Prosalpha7,3,119.2,5,
CG15442,FBgn0010410,RpL27A,2,84.57,4,
CG1548,FBgn0029093,cathD,3,111,3,
CG1560,FBgn0004657,mys,3,126.62,4,PM
CG15697,FBgn0038834,RpS30,1,50,2,
CG15743,FBgn0030465,CG15743,2,110.65,3,ER/Golgi
CG15792,FBgn0005634,zip,14,648.19,12,
CG15811,FBgn0004574,Rop,2,79.99,3,PM
CG15845,FBgn0000054,Adf1,2,70.16,2,
CG1597,FBgn0030289,CG1597,4,156.34,3,ER/Golgi
CG1618,FBgn0000346,comt,6,299.73,2,
CG1633,FBgn0040309,Jafrac1,4,165.85,5,
CG1634,FBgn0002968,Nrg,12,513.89,13,PM
CG1648,FBgn0033446,CG1648,1,55.63,1,
CG1651,FBgn0011747,Ank,2,100.77,2,PM
CG16892,FBgn0030122,CG16892,1,43.86,1,ER/Golgi
CG16901,FBgn0003498,sqd,1,48.79,1,
CG1691,FBgn0030235,Imp,1,54.91,2,
CG16916,FBgn0028686,Rpt3,1,42.83,2,PM
CG16944,FBgn0003360,sesB,5,255.24,9,mitochondrion
CG16953,FBgn0038809,CG16953,2,89.69,2,
CG16979,FBgn0036512,CG16979,2,82.75,3,ER/Golgi
CG1703,FBgn0030321,CG1703,1,51.24,1,
CG1709,FBgn0028671,Vha100-1,3,115.86,4,PM
CG1721,FBgn0014869,Pglym78,1,51.93,1,
CG17245,FBgn0025740,plexB,4,153.02,4,PM
CG1725,FBgn0001624,dlg1,4,164.18,3,PM
CG17255,FBgn0030205,CG17255,2,118.05,1,
CG17299,FBgn0025803,SNF4Agamma,2,84.35,1,PM
CG17323,FBgn0032713,CG17323,3,149.14,2,
CG17332,FBgn0027779,VhaSFD,2,76.24,1,
CG17369,FBgn0005671,Vha55,3,167.69,3,PM
CG1742,FBgn0025814,Mgstl,1,44.08,2,ER/Golgi
CG17461,FBgn0039925,Kif3C,1,43.39,1,
CG1751,FBgn0030306,Spase25,5,218.72,5,ER/Golgi
CG17521,FBgn0024733,Qm,2,77.54,3,
CG17593,FBgn0031544,CG17593,4,159.88,3,ER/Golgi
CG17654,FBgn0000579,Eno,3,132.43,4,
CG17737,FBgn0035423,CG17737,1,43.65,1,
CG17759,FBgn0004435,Galpha49B,2,98.42,2,PM
CG17785,FBgn0039188,Golgin84,1,43.07,1,ER/Golgi
CG1780,FBgn0026415,Idgf4,4,188.47,6,
CG1782,FBgn0023143,Uba1,1,47.53,1,PM
CG17820,FBgn0038914,fit,1,43.39,1,
CG17870,FBgn0004907,14-3-3zeta,5,263.38,3,PM
CG17947,FBgn0010215,alpha-Cat,5,197.5,6,PM
CG17949,FBgn0061209,His2B:CG17949,2,91.03,6,
CG17950,FBgn0004362,HmgD,1,52.7,1,
CG17952,FBgn0034657,LBR,3,166.2,4,
CG1799,FBgn0003204,ras,1,47.34,1,
CG18012,FBgn0038552,CG18012,1,46.29,1,ER/Golgi
CG18102,FBgn0003392,shi,4,193.62,4,
CG18111,FBgn0039678,Obp99a,3,141.01,6,ER/Golgi
CG18212,FBgn0038535,alt,13,693.77,20,ER/Golgi
CG1825,FBgn0010342,Map60,1,48.57,1,
CG18250,FBgn0034072,Dg,2,81.33,2,PM
CG1829,FBgn0031126,Cyp6v1,1,49.18,1,ER/Golgi
CG1837,FBgn0030329,CG1837,11,538.44,21,ER/Golgi
CG18405,FBgn0011259,Sema-1a,2,94.85,2,PM
CG18431,FBgn0061355,CG18431,1,49.78,1,PM
CG18445,FBgn0033476,CG18445,2,75.8,2,ER/Golgi
CG18507,FBgn0028527,CG18507,2,77.38,1,
CG18572,FBgn0003189,r,3,129.19,3,
CG18578,FBgn0040259,Ugt86Da,2,70.13,2,ER/Golgi
CG18582,FBgn0025743,mbt,2,74.6,2,
CG18617,FBgn0028670,Vha100-2,3,132.8,5,
CG18803,FBgn0019947,Psn,1,42.94,1,PM
CG18811,FBgn0042134,CG18811,2,127.16,2,
CG1883,FBgn0039757,RpS7,2,78.56,2,
CG1884,FBgn0033424,Not1,4,162.68,2,
CG1886,FBgn0030343,ATP7,2,79.15,2,PM
CG1910,FBgn0022349,CG1910,1,45.45,1,
CG1937,FBgn0039875,sip3,1,45.59,1,ER/Golgi
CG1938,FBgn0030276,Dlic2,1,50.37,1,
CG1939,FBgn0037469,CG1939,2,92.72,3,ER/Golgi
CG1956,FBgn0004636,R,2,108.69,3,PM
CG1966,FBgn0027620,Acf1,3,106.92,1,
CG1967,FBgn0030341,p24-1,1,42.75,3,ER/Golgi
CG1970,FBgn0039909,CG1970,2,90.27,2,mitochondrion
CG1977,FBgn0003470,alpha-Spec,34,1570.41,44,PM
CG2023,FBgn0037383,CG2023,1,48.07,2,ER/Golgi
CG2033,FBgn0010198,RpS15Aa,3,144.42,5,
CG2050,FBgn0002780,mod,4,168.47,1,
CG2060,FBgn0014469,Cyp4e2,6,257.06,4,ER/Golgi
CG2062,FBgn0015034,Cyp4e1,3,121.84,1,ER/Golgi
CG2064,FBgn0033205,CG2064,5,239.94,3,ER/Golgi
CG2065,FBgn0033204,CG2065,3,171.36,4,PM
CG2099,FBgn0037328,RpL35A,1,48.63,4,
CG2151,FBgn0020653,Trxr-1,2,89.09,2,
CG2165,FBgn0025704,CG2165,6,265.89,8,PM
CG2168,FBgn0017545,RpS3A,3,168.74,6,
CG2171,FBgn0003738,Tpi,2,71.53,2,PM
CG2204,FBgn0001122,G-oalpha47A,4,226.93,2,PM
CG2207,FBgn0022893,Df31,1,49.47,1,PM
CG2210,FBgn0000150,awd,2,99.4,3,PM
CG2212,FBgn0003656,sws,2,80.18,2,PM
CG2216,FBgn0015222,Fer1HCH,4,185.47,6,ER/Golgi
CG2221,FBgn0028331,l(1)G0289,2,76.85,2,
CG2238,FBgn0000559,Ef2b,14,609.08,18,
CG2248,FBgn0010333,Rac1,4,192.05,4,PM
CG2310,FBgn0039665,CG2310,1,44.2,2,
CG2331,FBgn0024923,TER94,6,260.22,8,PM
CG2358,FBgn0026567,Spase18-21,3,121.89,4,ER/Golgi
CG2448,FBgn0030327,FucT6,1,47.86,2,ER/Golgi
CG2493,FBgn0032864,CG2493,1,58.1,1,
CG2522,FBgn0010391,Gtp-bp,9,500.72,14,ER/Golgi
CG2604,FBgn0037298,CG2604,1,42.7,1,ER/Golgi
CG2621,FBgn0003371,sgg,2,90.38,3,
CG2637,FBgn0000986,Fs(2)Ket,1,46.16,1,
CG2671,FBgn0002121,l(2)gl,3,146.83,4,PM
CG2718,FBgn0001142,Gs1,2,104.85,3,
CG2720,FBgn0024352,Hop,4,173.2,3,
CG2791,FBgn0037533,CG2791,3,130.76,4,
CG2849,FBgn0015286,Rala,1,45.34,2,PM
CG2852,FBgn0034753,CG2852,8,384.31,53,ER/Golgi
CG2915,FBgn0033241,CG2915,4,192.59,6,ER/Golgi
CG2918,FBgn0023529,CG2918,13,612.45,22,ER/Golgi
CG2922,FBgn0037346,exba,2,83.99,2,
CG2929,FBgn0037339,Pi4KIIalpha,5,215.84,5,PM
CG2934,FBgn0028665,VhaAC39,2,76.94,3,PM
CG2943,FBgn0037530,CG2943,12,548.85,23,ER/Golgi
CG2945,FBgn0000316,cin,2,73.3,2,PM
CG2968,FBgn0028342,l(1)G0230,2,84.46,3,mitochondrion
CG2970,FBgn0034936,CG2970,3,122.86,3,
CG2979,FBgn0005391,Yp2,6,293.11,7,
CG2985,FBgn0004045,Yp1,6,314.9,10,
CG2986,FBgn0015521,oho23B,2,81.88,2,PM
CG2998,FBgn0030136,RpS28b,2,95.53,4,
CG30085,FBgn0050085,CG30085,1,48.02,1,
CG3011,FBgn0029823,CG3011,2,80.23,3,
CG30193,FBgn0050193,CG30193,3,144.28,3,
CG3024,FBgn0025615,torp4a,4,157.49,6,ER/Golgi
CG30291,FBgn0050291,CG30291,7,293.37,7,ER/Golgi
CG3033,FBgn0029818,CG3033,4,161.72,3,ER/Golgi
CG30359,FBgn0050359,CG30359,1,68.18,2,
CG3036,FBgn0031645,CG3036,1,52.23,1,PM
CG30387,FBgn0050387,CG30387,2,87.81,2,
CG3039,FBgn0004646,ogre,2,92.37,3,PM
CG3044,FBgn0029913,CG3044,1,45.76,1,
CG30498,FBgn0004132,boca,1,57.97,1,ER/Golgi
CG3050,FBgn0038194,Cyp6d5,6,253.07,7,ER/Golgi
CG3059,FBgn0024947,NTPase,2,108.78,2,ER/Golgi
CG3061,FBgn0038195,CG3061,2,114.87,3,ER/Golgi
CG3097,FBgn0029804,CG3097,1,48.52,1,
CG31004,FBgn0051004,CG31004,1,52.47,1,ER/Golgi
CG31022,FBgn0039776,PH4alphaEFB,4,164.46,4,ER/Golgi
CG31120,FBgn0051120,CG31120,5,225.51,5,ER/Golgi
CG31127,FBgn0046685,Wsck,1,44.87,1,PM
CG31137,FBgn0011725,twin,1,42.89,1,
CG31152,FBgn0051152,rumi,3,134.78,2,ER/Golgi
CG31195,FBgn0051195,CG31195,1,46.91,1,PM
CG31196,FBgn0020238,14-3-3epsilon,3,145.11,2,PM
CG3127,FBgn0003075,Pgk,4,203.96,5,
CG3129,FBgn0015794,Rab-RP4,1,52.45,1,
CG3131,FBgn0031464,Duox,1,52.29,2,ER/Golgi
CG31349,FBgn0003177,pyd,1,45.66,1,
CG31363,FBgn0051363,Jupiter,2,93.19,2,
CG3140,FBgn0022708,Adk2,2,79.99,1,mitochondrion
CG31450,FBgn0051450,mRpS18A,1,45.3,1,mitochondrion
CG3152,FBgn0026761,Trap1,4,169.67,4,
CG31605,FBgn0011219,Bsg,4,185.79,5,PM
CG31617,FBgn0051617,His1:CG31617,2,86,3,
CG3164,FBgn0025683,CG3164,1,47.55,1,
CG31651,FBgn0031681,pgant5,2,86.86,3,ER/Golgi
CG3167,FBgn0034962,MAN1,4,187.42,4,ER/Golgi
CG31717,FBgn0051717,CG31717,1,47.7,1,ER/Golgi
CG31729,FBgn0051729,CG31729,2,83.24,4,
CG31731,FBgn0028539,CG31731,2,73.29,2,PM
CG31738,FBgn0051738,CG31738,4,180.47,2,ER/Golgi
CG3178,FBgn0004584,Rrp1,1,52.52,1,
CG3186,FBgn0034967,eIF-5A,2,88.46,2,
CG31884,FBgn0040070,Trx-2,1,55.59,1,
CG31915,FBgn0051915,CG31915,2,72.47,2,ER/Golgi
CG31937,FBgn0031360,CG31937,2,84.77,4,ER/Golgi
CG31938,FBgn0051938,CG31938,2,78.38,2,
CG3195,FBgn0034968,RpL12,3,169.78,5,
CG3201,FBgn0004687,Mlc-c,1,58.59,2,
CG3203,FBgn0029897,RpL17,1,51.99,3,
CG32031,FBgn0000116,Argk,2,86.66,2,PM
CG32066,FBgn0052066,CG32066,2,71.38,1,PM
CG32069,FBgn0052069,CG32069,2,82.68,3,ER/Golgi
CG3209,FBgn0034971,CG3209,4,209.05,5,ER/Golgi
CG32146,FBgn0041604,dlp,2,103.38,2,PM
CG32190,FBgn0052190,NUCB1,3,126.84,3,ER/Golgi
CG32230,FBgn0052230,CG32230,1,50.67,2,mitochondrion
CG32451,FBgn0052451,SPoCk,3,119.57,3,ER/Golgi
CG32473,FBgn0052473,CG32473,3,128.94,3,
CG32536,FBgn0052536,CG32536,1,63.7,1,ER/Golgi
CG3254,FBgn0031530,pgant2,2,76.23,1,ER/Golgi
CG32593,FBgn0024753,Flo-2,7,348.58,6,PM
CG32632,FBgn0052632,Tango13,1,68.31,2,ER/Golgi
CG3265,FBgn0027066,Eb1,3,108.12,3,
CG32675,FBgn0052675,Tango5,2,97.06,1,ER/Golgi
CG32678,FBgn0067052,Rab9D,1,57.53,2,PM
CG32684,FBgn0010338,alpha-Man-I,1,42.37,1,ER/Golgi
CG3269,FBgn0014009,Rab2,5,271.96,8,PM
CG32699,FBgn0052699,CG32699,1,51.6,1,ER/Golgi
CG32701,FBgn0028327,l(1)G0320,1,53.54,1,ER/Golgi
CG32795,FBgn0040384,CG32795,2,82.6,2,ER/Golgi
CG32858,FBgn0003447,sn,1,48.25,1,
CG33087,FBgn0053087,CG33087,4,184.9,4,PM
CG33096,FBgn0053096,CG33096,3,112.37,4,PM
CG33101,FBgn0013998,Nsf2,9,451.33,6,
CG33103,FBgn0003137,Ppn,2,97.73,2,PM
CG33104,FBgn0069242,eca,2,92.1,3,ER/Golgi
CG33113,FBgn0053113,Rtnl1,6,243.15,11,ER/Golgi
CG33129,FBgn0053129,CG33129,9,436.05,14,ER/Golgi
CG3314,FBgn0014026,RpL7A,4,212.92,10,
CG33162,FBgn0011509,SrpRbeta,2,120.96,4,ER/Golgi
CG3320,FBgn0016700,Rab1,5,277.6,8,PM
CG33214,FBgn0053214,CG33214,5,204.31,6,ER/Golgi
CG3322,FBgn0002528,LanB2,6,256.12,7,ER/Golgi
CG3329,FBgn0023174,Prosbeta2,1,45.97,1,
CG33303,FBgn0053303,CG33303,5,239.51,13,ER/Golgi
CG3352,FBgn0001075,ft,2,96.7,2,
CG33523,FBgn0053523,CG33523,4,196.91,3,ER/Golgi
CG3359,FBgn0024211,mfas,2,76.4,2,PM
CG3373,FBgn0015737,Hmu,5,218.48,7,ER/Golgi
CG3394,FBgn0034999,CG3394,3,140.09,2,
CG3395,FBgn0010408,RpS9,2,89.02,4,
CG3408,FBgn0036008,CG3408,1,44.32,1,ER/Golgi
CG3415,FBgn0030731,CG3415,2,98.41,2,
CG3431,FBgn0011327,Uch-L3,2,95.88,2,
CG3455,FBgn0028685,Rpt4,1,51.57,1,
CG3481,FBgn0000055,Adh,1,47.98,1,
CG3499,FBgn0034792,CG3499,1,46.91,1,mitochondrion
CG3501,FBgn0034791,CG3501,1,49.64,2,ER/Golgi
CG3539,FBgn0015816,Slh,2,87.57,2,
CG3560,FBgn0030733,CG3560,1,47.89,1,
CG3564,FBgn0029709,CHOp24,3,147.31,7,ER/Golgi
CG3576,FBgn0040918,Lag1,1,53.48,1,ER/Golgi
CG3612,FBgn0011211,blw,10,575.69,21,mitochondrion
CG3624,FBgn0034724,CG3624,2,96.06,3,PM
CG3625,FBgn0031245,CG3625,1,55.94,1,ER/Golgi
CG3638,FBgn0026875,CG3638,2,109.76,1,PM
CG3661,FBgn0010078,RpL23,2,101.48,4,
CG3664,FBgn0014010,Rab5,3,155.47,4,PM
CG3665,FBgn0000635,Fas2,8,348.69,10,PM
CG3702,FBgn0031590,CG3702,1,47.9,1,ER/Golgi
CG3722,FBgn0003391,shg,8,333.29,7,PM
CG3725,FBgn0004551,Ca-P60A,18,893.37,28,ER/Golgi
CG3731,FBgn0038271,CG3731,3,188.59,5,mitochondrion
CG3751,FBgn0034751,RpS24,2,76.34,2,
CG3752,FBgn0012036,Aldh,5,236.64,6,
CG3760,FBgn0022343,CG3760,2,94,2,
CG3762,FBgn0020367,Vha68-2,5,228.96,2,PM
CG3792,FBgn0031662,CG3792,1,52.33,2,ER/Golgi
CG3800,FBgn0034802,CG3800,1,42.67,2,
CG3842,FBgn0029866,CG3842,2,110.3,5,PM
CG3845,FBgn0010488,l(2)01424,1,48.76,1,
CG3861,FBgn0026708,l(1)G0030,4,157.26,4,mitochondrion
CG3887,FBgn0031670,CG3887,1,42.32,1,ER/Golgi
CG3902,FBgn0036824,CG3902,3,119.24,2,mitochondrion
CG3922,FBgn0005533,RpS17,1,53.25,1,
CG3944,FBgn0017567,ND23,2,74,2,mitochondrion
CG3949,FBgn0015393,hoip,2,90.77,3,
CG3971,FBgn0036650,Baldspot,1,48.04,1,ER/Golgi
CG3979,FBgn0036816,Indy,2,77.43,2,PM
CG3991,FBgn0020370,TppII,14,604.56,13,
CG4001,FBgn0003071,Pfk,1,46.93,1,
CG4003,FBgn0040078,pont,2,88.74,2,
CG4016,FBgn0033800,Spt-I,2,79.42,2,ER/Golgi
CG4046,FBgn0034743,RpS16,4,196.39,6,
CG4087,FBgn0002593,RpLP1,4,178.2,8,
CG4094,FBgn0028336,l(1)G0255,3,120.14,2,mitochondrion
CG4115,FBgn0038017,CG4115,1,45.54,1,PM
CG4122,FBgn0004648,svr,7,290.29,7,ER/Golgi
CG4123,FBgn0026061,Mipp1,2,82.88,2,PM
CG4125,FBgn0003285,rst,2,113.61,2,PM
CG4143,FBgn0026208,mbf1,3,135.3,2,
CG4147,FBgn0001218,Hsc70-3,14,775.58,39,ER/Golgi
CG4162,FBgn0002524,lace,1,44.96,1,ER/Golgi
CG4164,FBgn0031256,CG4164,2,101.69,3,
CG4169,FBgn0036642,CG4169,5,222.92,3,mitochondrion
CG4183,FBgn0001225,Hsp26,1,63.33,2,
CG4212,FBgn0015791,Rab14,2,93.4,1,PM
CG4214,FBgn0011708,Syx5,2,89.66,2,ER/Golgi
CG4217,FBgn0038805,TFAM,1,47.69,2,mitochondrion
CG4225,FBgn0038376,CG4225,2,95.74,3,
CG4233,FBgn0001125,Got2,6,282.99,9,
CG4260,FBgn0015567,alpha-Adaptin,5,220.18,5,PM
CG4264,FBgn0001219,Hsc70-4,12,546.04,14,
CG4307,FBgn0016691,Oscp,4,170.49,5,mitochondrion
CG4337,FBgn0010438,mtSSB,2,107.38,2,
CG4357,FBgn0036279,Ncc69,2,71.87,2,PM
CG4365,FBgn0037024,CG4365,1,46.77,2,
CG4376,FBgn0000667,Actn,1,61.61,1,PM
CG4389,FBgn0028479,CG4389,8,368.26,10,mitochondrion
CG4408,FBgn0039073,CG4408,3,178.24,4,ER/Golgi
CG4412,FBgn0016119,ATPsyn-Cf6,1,58.38,2,mitochondrion
CG4429,FBgn0010256,Rbp2,1,67.87,2,
CG4464,FBgn0010412,RpS19a,4,201.29,8,
CG4466,FBgn0001226,Hsp27,3,143.52,4,
CG4494,FBgn0026170,smt3,1,57.87,1,
CG4532,FBgn0029903,pod1,1,48.83,1,
CG4561,FBgn0027080,Aats-tyr,3,122.45,2,
CG4581,FBgn0025352,Thiolase,2,89.23,3,
CG4584,FBgn0013349,dUTPase,2,97.42,3,PM
CG4586,FBgn0029924,CG4586,2,80.78,1,
CG4590,FBgn0027108,inx2,4,158.37,4,PM
CG4600,FBgn0040064,yip2,5,255.63,5,mitochondrion
CG4606,FBgn0026616,alpha-Man-IIb,4,164.25,3,ER/Golgi
CG4651,FBgn0011272,RpL13,5,227.54,13,
CG4670,FBgn0033814,CG4670,1,42.87,1,
CG4679,FBgn0033816,CG4679,4,149.32,3,mitochondrion
CG4685,FBgn0039349,CG4685,1,58.36,2,mitochondrion
CG4692,FBgn0035032,CG4692,2,82.91,2,mitochondrion
CG4700,FBgn0011260,Sema-2a,5,205.85,4,ER/Golgi
CG4703,FBgn0038742,Arc42,2,93.8,2,mitochondrion
CG4729,FBgn0036623,CG4729,2,76.11,3,ER/Golgi
CG4747,FBgn0043456,CG4747,2,94.09,1,
CG4753,FBgn0036622,CG4753,2,84.7,3,ER/Golgi
CG4758,FBgn0011584,Trp1,2,88.5,2,ER/Golgi
CG4769,FBgn0035600,CG4769,1,43.62,1,mitochondrion
CG4780,FBgn0035602,CG4780,1,56.54,1,ER/Golgi
CG4789,FBgn0030792,CG4789,2,110.81,3,ER/Golgi
CG4799,FBgn0011823,Pen,1,42.56,1,
CG4800,FBgn0037874,Tctp,1,48.98,1,PM
CG4825,FBgn0037010,CG4825,1,51.16,1,ER/Golgi
CG4829,FBgn0030796,CG4829,2,94.86,2,
CG4863,FBgn0020910,RpL3,3,158.56,4,
CG4878,FBgn0034237,eIF3-S9,2,76.16,2,
CG4897,FBgn0005593,RpL7,3,123.36,6,
CG4898,FBgn0003721,Tm1,1,72.14,2,PM
CG4912,FBgn0032198,eEF1delta,3,107.89,3,PM
CG4918,FBgn0003274,RpLP2,1,46.5,2,
CG4921,FBgn0016701,Rab4,5,240.4,5,PM
CG4931,FBgn0038320,Sra-1,4,166.47,4,
CG4944,FBgn0026084,cib,1,49.72,1,
CG4954,FBgn0034258,eIF3-S8,6,246.13,7,
CG4972,FBgn0032217,CG4972,2,72.6,2,ER/Golgi
CG4993,FBgn0024734,PRL-1,1,43.26,1,
CG4994,FBgn0026409,Mpcp,2,78.89,3,mitochondrion
CG5000,FBgn0027948,msps,4,209.34,4,
CG5012,FBgn0011787,mRpL12,3,128.9,4,mitochondrion
CG5014,FBgn0029687,Vap-33-1,5,227.77,7,ER/Golgi
CG5027,FBgn0036579,CG5027,1,44.15,1,ER/Golgi
CG5028,FBgn0039358,CG5028,2,96.96,1,
CG5080,FBgn0031313,CG5080,7,306.3,7,PM
CG5119,FBgn0003031,pAbp,3,150.2,6,
CG5167,FBgn0038038,CG5167,2,73.69,2,ER/Golgi
CG5170,FBgn0027835,Dp1,6,273.49,4,
CG5189,FBgn0034350,CG5189,1,47.48,1,
CG5196,FBgn0038039,CG5196,2,93.02,2,ER/Golgi
CG5210,FBgn0013763,Chit,4,155.89,5,
CG5214,FBgn0037891,CG5214,2,96.81,3,
CG5227,FBgn0021764,sdk,4,203.15,2,PM
CG5258,FBgn0029148,NHP2,1,50.05,1,
CG5261,FBgn0031912,CG5261,1,47.68,1,
CG5266,FBgn0010405,Pros25,1,44.05,1,
CG5284,FBgn0036566,CG5284,2,81.54,3,PM
CG5289,FBgn0015282,Pros26.4,2,86.47,1,
CG5330,FBgn0015268,Nap1,2,74.4,2,PM
CG5339,FBgn0034925,CG5339,1,72.54,1,PM
CG5362,FBgn0032237,CG5362,2,88.33,2,
CG5374,FBgn0003676,T-cp1,6,278.59,8,
CG5382,FBgn0038950,CG5382,3,123.93,4,ER/Golgi
CG5394,FBgn0005674,Aats-glupro,6,272.43,6,
CG5433,FBgn0010235,Klc,1,42.73,1,
CG5462,FBgn0026178,scrib,2,91.8,2,PM
CG5474,FBgn0011016,SsRbeta,2,143.18,5,ER/Golgi
CG5481,FBgn0002543,lea,2,78.79,2,PM
CG5482,FBgn0034368,CG5482,3,118.32,4,ER/Golgi
CG5499,FBgn0001197,His2Av,2,90.13,5,
CG5502,FBgn0003279,RpL4,6,280.31,8,
CG5510,FBgn0039160,CG5510,2,77.06,3,ER/Golgi
CG5520,FBgn0039562,Gp93,17,824.09,43,ER/Golgi
CG5525,FBgn0032444,CG5525,2,87.28,1,
CG5532,FBgn0034902,CG5532,1,51.97,3,ER/Golgi
CG5554,FBgn0034914,CG5554,2,104.08,4,ER/Golgi
CG5562,FBgn0024234,gbb,2,94.46,1,ER/Golgi
CG5581,FBgn0003022,Ote,6,326.04,9,
CG5590,FBgn0039537,CG5590,2,95.1,2,
CG5594,FBgn0025698,CG5594,3,111.61,2,PM
CG5605,FBgn0036974,eRF1,3,165.54,4,
CG5625,FBgn0034708,CG5625,2,85.56,1,PM
CG5642,FBgn0036258,CG5642,1,51.75,1,
CG5651,FBgn0035946,CG5651,2,73.11,1,
CG5654,FBgn0022959,yps,2,74.28,1,
CG5670,FBgn0002921,Atpalpha,15,746.43,22,PM
CG5703,FBgn0030853,CG5703,2,93.84,2,mitochondrion
CG5722,FBgn0024320,NPC1,1,59.74,1,
CG5741,FBgn0035937,CG5741,2,87.24,1,ER/Golgi
CG5760,FBgn0028468,rtet,1,54.06,1,ER/Golgi
CG5771,FBgn0015790,Rab11,5,241.93,7,PM
CG5789,FBgn0039207,CG5789,2,86.65,2,PM
CG5802,FBgn0038863,CG5802,1,44.19,1,ER/Golgi
CG5803,FBgn0000636,Fas3,5,202.69,6,PM
CG5809,FBgn0025678,CaBP1,5,256.4,12,ER/Golgi
CG5820,FBgn0013272,Gp150,2,99.8,3,PM
CG5826,FBgn0038519,Prx5037,3,144.15,5,mitochondrion
CG5837,FBgn0011771,Hem,4,167.83,4,
CG5857,FBgn0039125,CG5857,4,213.88,4,ER/Golgi
CG5862,FBgn0038868,CG5862,3,138.27,5,ER/Golgi
CG5864,FBgn0039132,AP-1sigma,1,43.55,1,
CG5870,FBgn0003471,beta-Spec,15,619.95,16,PM
CG5876,FBgn0028375,heix,1,75.28,3,ER/Golgi
CG5915,FBgn0015795,Rab7,3,139.28,5,PM
CG5920,FBgn0004867,sop,4,200.24,3,
CG5946,FBgn0036211,CG5946,2,80.15,2,ER/Golgi
CG5972,FBgn0031781,Arc-p20,2,75.61,2,
CG5992,FBgn0036752,Adgf-A,2,82.4,2,
CG6017,FBgn0036555,CG6017,1,49.73,1,
CG6030,FBgn0016120,ATPsyn-d,3,124.7,3,mitochondrion
CG6038,FBgn0036198,CG6038,1,49.33,2,PM
CG6045,FBgn0038349,CG6045,1,46.63,1,
CG6050,FBgn0024556,EfTuM,1,45.66,2,mitochondrion
CG6058,FBgn0000064,Ald,3,113.89,2,
CG6084,FBgn0036182,CG6084,2,73.07,2,PM
CG6120,FBgn0027865,Tsp96F,1,54.41,2,PM
CG6141,FBgn0015756,RpL9,2,86.98,2,
CG6143,FBgn0004401,Pep,2,68.63,1,
CG6155,FBgn0014877,Roe1,2,83.37,1,mitochondrion
CG6163,FBgn0036155,CG6163,1,42.53,1,
CG6178,FBgn0039156,CG6178,2,79.13,2,
CG6181,FBgn0032340,CG6181,2,76.95,2,
CG6186,FBgn0022355,Tsf1,5,229.94,5,PM
CG6199,FBgn0036147,CG6199,5,199.6,5,
CG6202,FBgn0019925,Surf4,1,57.1,1,ER/Golgi
CG6203,FBgn0028734,Fmr1,5,254.63,5,
CG6206,FBgn0027611,CG6206,4,182.61,4,
CG6210,FBgn0036141,srt,3,123.41,3,ER/Golgi
CG6214,FBgn0032456,MRP,6,275.59,8,PM
CG6226,FBgn0013269,FK506-bp1,3,152.44,4,
CG6230,FBgn0027582,CG6230,10,440.02,11,ER/Golgi
CG6253,FBgn0017579,RpL14,3,175.7,10,
CG6287,FBgn0032350,CG6287,3,137.62,4,PM
CG6311,FBgn0036735,CG6311,1,53.39,1,
CG6341,FBgn0028737,Ef1beta,3,152.24,5,PM
CG6343,FBgn0019957,ND42,1,46.95,1,mitochondrion
CG6370,FBgn0034277,CG6370,5,250.09,7,ER/Golgi
CG6394,FBgn0030930,GalNAc-T2,2,101.26,3,ER/Golgi
CG6412,FBgn0032646,CG6412,1,45.77,2,mitochondrion
CG6450,FBgn0029688,lva,2,73.27,2,
CG6453,FBgn0032643,CG6453,7,316.03,8,ER/Golgi
CG6455,FBgn0019960,CG6455,4,188.99,3,mitochondrion
CG6459,FBgn0034259,CG6459,3,155.65,4,mitochondrion
CG6479,FBgn0036710,CG6479,1,48.88,1,ER/Golgi
CG6510,FBgn0010409,RpL18A,5,237.31,11,
CG6512,FBgn0036702,CG6512,3,119.83,3,mitochondrion
CG6543,FBgn0033879,CG6543,5,247.55,10,mitochondrion
CG6550,FBgn0034214,CG6550,1,47.77,1,ER/Golgi
CG6588,FBgn0000634,Fas1,7,289.17,9,PM
CG6601,FBgn0015797,Rab6,3,155.5,2,PM
CG6603,FBgn0026418,Hsc70Cb,1,72.94,1,PM
CG6647,FBgn0004363,porin,6,283.08,13,mitochondrion
CG6668,FBgn0039213,atl,4,206.87,6,ER/Golgi
CG6750,FBgn0032292,CG6750,1,45.23,1,ER/Golgi
CG6766,FBgn0032398,CG6766,1,42.74,1,ER/Golgi
CG6778,FBgn0027088,Aats-gly,1,64.26,1,
CG6779,FBgn0002622,RpS3,6,293.86,8,
CG6782,FBgn0037912,CG6782,3,115.22,4,
CG6815,FBgn0040237,bor,1,47.2,1,mitochondrion
CG6819,FBgn0026207,mbo,2,76.47,1,
CG6822,FBgn0035909,ergic53,6,294.03,10,ER/Golgi
CG6827,FBgn0013997,Nrx-IV,5,197.55,5,PM
CG6831,FBgn0020254,rhea,9,395.72,9,
CG6846,FBgn0036825,RpL26,4,176.2,6,
CG6850,FBgn0014075,Ugt,12,554.44,17,ER/Golgi
CG6859,FBgn0036484,CG6859,1,43.26,1,
CG6871,FBgn0000261,Cat,2,75.57,1,
CG6944,FBgn0002525,Lam,10,482.28,10,
CG6958,FBgn0039004,CG6958,1,43.15,1,
CG6963,FBgn0011253,gish,1,42.93,1,
CG6965,FBgn0037960,mthl5,1,42.68,1,
CG6987,FBgn0040284,SF2,1,47.13,2,
CG6988,FBgn0014002,Pdi,17,883.11,65,ER/Golgi
CG7008,FBgn0035121,Tudor-SN,8,415.69,10,
CG7010,FBgn0028325,l(1)G0334,2,95.26,3,mitochondrion
CG7012,FBgn0039234,nct,2,95.76,3,PM
CG7013,FBgn0027095,ARP-like,3,127.37,6,ER/Golgi
CG7014,FBgn0038277,RpS5b,3,121.39,3,
CG7033,FBgn0030086,CG7033,4,172.29,3,
CG7070,FBgn0003178,PyK,3,129.79,7,
CG7073,FBgn0038947,sar1,2,122.38,5,
CG7088,FBgn0001090,bnb,8,408.27,8,PM
CG7100,FBgn0015609,CadN,3,116.14,4,PM
CG7111,FBgn0020618,Rack1,5,199.59,7,
CG7113,FBgn0021765,scu,5,268.08,6,mitochondrion
CG7123,FBgn0002527,LanB1,4,184.22,5,ER/Golgi
CG7176,FBgn0001248,Idh,1,42.37,2,
CG7225,FBgn0004003,wbl,4,155.2,5,ER/Golgi
CG7266,FBgn0000565,Eip71CD,1,46.67,1,ER/Golgi
CG7283,FBgn0036213,RpL10Ab,4,184.53,8,
CG7289,FBgn0031379,CG7289,1,67.71,1,
CG7340,FBgn0040493,granny-smith,2,104.53,2,
CG7359,FBgn0025617,CG7359,5,209.14,6,ER/Golgi
CG7360,FBgn0038722,Nup58,3,123.56,4,
CG7364,FBgn0028541,CG7364,2,77.75,2,ER/Golgi
CG7400,FBgn0021953,Fatp,3,124.22,3,ER/Golgi
CG7415,FBgn0037580,DppIII,2,70.38,1,
CG7430,FBgn0036762,CG7430,1,52.69,1,
CG7433,FBgn0036927,CG7433,3,159.99,3,mitochondrion
CG7434,FBgn0015288,RpL22,2,106.82,3,
CG7436,FBgn0020392,Nmt,4,190.95,5,
CG7437,FBgn0014362,mub,1,49.06,1,
CG7438,FBgn0011673,Myo31DF,1,49.55,1,PM
CG7461,FBgn0034432,CG7461,3,112.86,2,mitochondrion
CG7462,FBgn0017645,Ank2,3,126.92,4,PM
CG7483,FBgn0037573,eIF4AIII,2,80.99,1,
CG7484,FBgn0036745,CG7484,4,150.26,4,ER/Golgi
CG7490,FBgn0000100,RpLP0,6,337.9,12,
CG7507,FBgn0010349,Dhc64C,11,444.28,9,
CG7523,FBgn0038533,CG7523,3,126.14,3,
CG7524,FBgn0003501,Src64B,4,193.5,3,PM
CG7546,FBgn0035793,CG7546,2,90.97,2,
CG7556,FBgn0030990,CG7556,2,98.81,2,ER/Golgi
CG7563,FBgn0012051,CalpA,2,70.47,2,
CG7580,FBgn0036728,CG7580,1,51.61,1,mitochondrion
CG7583,FBgn0020496,CtBP,1,51.91,1,
CG7586,FBgn0020240,Mcr,12,547.57,15,PM
CG7619,FBgn0015283,Pros54,1,45.47,1,
CG7622,FBgn0002579,RpL36,1,42.14,2,
CG7627,FBgn0032026,CG7627,6,264.86,7,PM
CG7654,FBgn0036928,Tom20,1,58.69,1,mitochondrion
CG7660,FBgn0038538,pxt,4,171.08,5,PM
CG7675,FBgn0038610,CG7675,2,94.83,2,
CG7700,FBgn0044871,Gos28,1,42.91,1,
CG7726,FBgn0013325,RpL11,3,120.21,4,
CG7739,FBgn0036509,CG7739,1,45.37,1,
CG7740,FBgn0026189,prominin-like,1,59.93,1,ER/Golgi
CG7762,FBgn0028695,Rpn1,2,83.6,1,
CG7765,FBgn0001308,Khc,3,122.72,3,
CG7802,FBgn0039704,CG7802,1,50.22,1,
CG7808,FBgn0039713,RpS8,4,220.44,7,
CG7830,FBgn0032015,CG7830,3,144.6,6,ER/Golgi
CG7834,FBgn0039697,CG7834,6,251.96,5,
CG7870,FBgn0032012,CG7870,2,78.26,2,ER/Golgi
CG7872,FBgn0030658,CG7872,1,42.77,1,ER/Golgi
CG7873,FBgn0004603,Src42A,4,155.18,5,PM
CG7897,FBgn0033039,gp210,14,646.61,16,
CG7913,FBgn0042693,PP2A-B',1,43.07,1,PM
CG7917,FBgn0016685,Nlp,2,83.96,3,
CG7920,FBgn0039737,CG7920,5,216.9,4,mitochondrion
CG7939,FBgn0002626,RpL32,2,83.41,4,
CG7961,FBgn0025725,alphaCop,3,142.22,3,
CG7962,FBgn0010350,CdsA,1,48.64,2,ER/Golgi
CG7977,FBgn0026372,RpL23A,3,149.68,8,
CG7997,FBgn0034117,CG7997,2,75.63,1,
CG7998,FBgn0038587,CG7998,7,404.83,11,mitochondrion
CG8014,FBgn0015477,Rme-8,4,155.25,4,PM
CG8036,FBgn0037607,CG8036,2,92.07,2,
CG8042,FBgn0027554,CG8042,4,178.05,5,ER/Golgi
CG8048,FBgn0020611,Vha44,2,96.58,4,
CG8058,FBgn0033382,CG8058,1,48.09,1,ER/Golgi
CG8062,FBgn0028469,CG8062,1,48.55,1,PM
CG8095,FBgn0003328,scb,2,76.71,2,PM
CG8135,FBgn0037689,CG8135,1,47.63,1,
CG8189,FBgn0019644,ATPsyn-b,3,155.52,4,mitochondrion
CG8200,FBgn0024754,Flo,4,178.58,4,PM
CG8201,FBgn0026193,par-1,1,52.55,1,
CG8228,FBgn0037711,CG8228,4,146.65,3,
CG8231,FBgn0027329,l(1)G0022,7,341.9,9,
CG8258,FBgn0033342,CG8258,5,211.81,5,PM
CG8261,FBgn0004921,Ggamma1,1,52.32,2,PM
CG8280,FBgn0000556,Ef1alpha48D,6,312.09,19,
CG8286,FBgn0037718,P58IPK,2,98.65,3,ER/Golgi
CG8289,FBgn0030854,CG8289,1,43.27,1,
CG8306,FBgn0034142,CG8306,2,92.06,2,ER/Golgi
CG8308,FBgn0004236,alphaTub67C,2,94.04,2,PM
CG8309,FBgn0033902,Tango7,3,133.31,3,
CG8322,FBgn0020236,ATPCL,4,180.84,4,
CG8331,FBgn0033906,CG8331,2,85.32,3,ER/Golgi
CG8340,FBgn0010339,128up,2,86.5,1,
CG8351,FBgn0037632,CG8351,4,210.26,6,
CG8355,FBgn0003425,sli,1,43.22,1,PM
CG8370,FBgn0034060,CG8370,3,125.71,3,ER/Golgi
CG8385,FBgn0010348,Arf79F,1,44.13,1,PM
CG8397,FBgn0034066,CG8397,1,42.95,1,ER/Golgi
CG8416,FBgn0014020,Rho1,3,147.38,4,PM
CG8427,FBgn0023167,SmD3,1,44.44,1,
CG8439,FBgn0010621,Cct5,2,77.29,3,
CG8443,FBgn0034087,CG8443,3,112.42,3,
CG8460,FBgn0031996,CG8460,3,118.48,2,ER/Golgi
CG8465,FBgn0028343,l(1)G0222,4,186.33,5,ER/Golgi
CG8479,FBgn0033914,CG8479,2,82.3,2,mitochondrion
CG8486,FBgn0031993,CG8486,3,176.09,4,PM
CG8507,FBgn0037756,CG8507,4,185.59,6,ER/Golgi
CG8542,FBgn0001220,Hsc70-5,5,253.13,6,mitochondrion
CG8581,FBgn0011592,fra,2,83.16,3,PM
CG8583,FBgn0035771,sec63,5,223.69,8,ER/Golgi
CG8597,FBgn0011640,lark,1,50.02,1,
CG8605,FBgn0035762,CG8605,1,42.53,1,
CG8615,FBgn0035753,RpL18,2,108.56,4,
CG8635,FBgn0033317,CG8635,3,164.02,3,
CG8705,FBgn0013726,pnut,2,69.96,2,
CG8715,FBgn0020279,lig,3,144.32,2,
CG8728,FBgn0033235,CG8728,3,114.82,2,mitochondrion
CG8732,FBgn0010609,l(2)44DEa,9,419.07,11,
CG8735,FBgn0033309,CG8735,3,131.62,3,ER/Golgi
CG8759,FBgn0017565,Nacalpha,1,50.56,2,
CG8804,FBgn0016078,wun,1,43.65,1,PM
CG8839,FBgn0033717,CG8839,3,154.06,5,ER/Golgi
CG8857,FBgn0033699,RpS11,2,82.39,3,
CG8863,FBgn0038145,CG8863,1,43.04,2,
CG8877,FBgn0033688,prp8,2,82.29,2,
CG8882,FBgn0015834,Trip1,2,94.04,3,
CG8893,FBgn0001092,Gapdh2,5,232.52,1,
CG8900,FBgn0010411,RpS18,4,171.17,6,
CG8947,FBgn0028967,26-29-p,3,151.73,6,
CG8967,FBgn0004839,otk,7,316.06,7,PM
CG8977,FBgn0015019,Cctgamma,5,221.6,4,
CG8983,FBgn0033663,ERp60,13,672.35,42,ER/Golgi
CG8996,FBgn0010516,wal,2,88.16,3,
CG9000,FBgn0034176,CG9000,2,104.09,6,ER/Golgi
CG9012,FBgn0000319,Chc,11,466.38,12,
CG9022,FBgn0014868,Ost48,5,268.16,10,ER/Golgi
CG9027,FBgn0033631,CG9027,1,43.32,1,PM
CG9035,FBgn0021795,Tapdelta,3,155.69,9,ER/Golgi
CG9042,FBgn0001128,Gpdh,1,47.41,1,
CG9066,FBgn0030703,CG9066,2,91.54,2,ER/Golgi
CG9075,FBgn0001942,eIF-4a,2,79.14,2,
CG9089,FBgn0030805,wus,1,60.87,1,ER/Golgi
CG9091,FBgn0030616,RpL37a,1,46.84,2,
CG9124,FBgn0022023,eIF-3p40,2,84.99,2,
CG9126,FBgn0045073,Stim,3,118,4,ER/Golgi
CG9128,FBgn0035195,Sac1,6,275.9,7,ER/Golgi
CG9132,FBgn0030791,CG9132,1,45.41,1,PM
CG9138,FBgn0031879,SP1070,5,218.49,4,PM
CG9148,FBgn0025682,scf,4,183.53,6,ER/Golgi
CG9159,FBgn0028419,Kr-h2,1,64.84,1,ER/Golgi
CG9175,FBgn0031779,CG9175,3,145.85,3,ER/Golgi
CG9181,FBgn0003138,Ptp61F,2,87.58,2,ER/Golgi
CG9184,FBgn0035208,CG9184,2,93.44,2,
CG9186,FBgn0035206,CG9186,4,168.79,3,ER/Golgi
CG9193,FBgn0005655,mus209,2,78.67,2,
CG9195,FBgn0040285,Scamp,1,50.98,2,PM
CG9231,FBgn0036887,CG9231,1,51.8,1,mitochondrion
CG9244,FBgn0010100,Acon,3,141.99,3,mitochondrion
CG9257,FBgn0032916,CG9257,3,130.13,4,ER/Golgi
CG9258,FBgn0015776,nrv1,2,93.05,4,PM
CG9261,FBgn0015777,nrv2,2,82.86,2,PM
CG9273,FBgn0032906,CG9273,2,69.65,2,
CG9277,FBgn0003887,betaTub56D,6,231.06,4,
CG9281,FBgn0030672,CG9281,5,215.96,8,
CG9282,FBgn0032518,RpL24,3,172.96,23,
CG9285,FBgn0000454,Dip-B,1,48.15,1,
CG9302,FBgn0032514,CG9302,5,241.85,7,ER/Golgi
CG9325,FBgn0004873,hts,2,84.29,2,PM
CG9326,FBgn0032885,CG9326,3,120.7,3,
CG9327,FBgn0003150,Pros29,2,80.63,2,
CG9342,FBgn0032904,Mtp,11,545.04,15,ER/Golgi
CG9373,FBgn0037701,CG9373,3,134.29,3,
CG9375,FBgn0003205,Ras85D,2,94.09,4,PM
CG9412,FBgn0015778,rin,4,164.5,4,
CG9424,FBgn0037719,bocksbeutel,1,43.02,1,ER/Golgi
CG9429,FBgn0005585,Crc,3,135.2,5,ER/Golgi
CG9474,FBgn0028401,Snap24,1,49.67,1,PM
CG9520,FBgn0032078,CG9520,1,55.05,1,ER/Golgi
CG9526,FBgn0031815,CG9526,1,47.67,2,
CG9539,FBgn0026571,Sec61alpha,3,143.42,7,ER/Golgi
CG9575,FBgn0031090,Rab35,3,140.03,3,PM
CG9577,FBgn0031092,CG9577,1,50.16,1,
CG9603,FBgn0040529,CG9603,1,58.66,2,mitochondrion
CG9614,FBgn0003089,pip,2,111.25,2,
CG9633,FBgn0010173,RpA-70,3,144.36,4,
CG9634,FBgn0027528,CG9634,2,93.53,2,
CG9677,FBgn0025582,Int6,2,94.94,3,
CG9680,FBgn0004556,Dbp73D,1,60.8,2,
CG9704,FBgn0004108,Nrt,10,486.91,15,PM
CG9705,FBgn0036661,CG9705,1,42.5,1,
CG9723,FBgn0030768,CG9723,1,43.67,1,ER/Golgi
CG9739,FBgn0016797,fz2,1,49.97,1,PM
CG9748,FBgn0000171,bel,4,213.72,3,
CG9750,FBgn0040075,rept,2,84.78,2,
CG9761,FBgn0027570,Nep2,2,102.61,3,PM
CG9762,FBgn0011455,l(3)neo18,1,53.21,1,mitochondrion
CG9796,FBgn0038149,CG9796,4,191.38,5,PM
CG9805,FBgn0037249,eIF3-S10,5,207.88,5,
CG9847,FBgn0010470,Fkbp13,2,72.35,2,ER/Golgi
CG9888,FBgn0003062,Fib,2,74.75,2,
CG9911,FBgn0030734,CG9911,7,312.16,7,ER/Golgi
CG9916,FBgn0004432,Cyp1,2,97.93,2,
CG9946,FBgn0004925,eIF-2alpha,2,84.71,2,
CG9953,FBgn0035726,CG9953,1,43.84,1,
CG9983,FBgn0001215,Hrb98DE,1,56.21,1,
